nmax,nmax,nmax,nmax,nmax,nmax,nmax,nmax
7.7506634704517365,6.121871525623555,9.221427862118976,21.042751429110112,1.9571149516730244,5.0786845033394314,0.7714043032039738,2.561012323150011
6.6065034894565455,3.3950052705037157,3.980196514063521,20.739649839429983,6.328700448122712,1.3059477606963807,4.377377523657579,3.0716195274880063
9.890737057437066,8.128988829829368,4.527167096334795,8.430226273344054,3.473520730085663,3.7651817634669618,1.926864789469273,2.4362582207417196
5.985683176957902,4.852377295808372,3.1460717147904327,18.71936642679306,2.5454562090882873,0.8666167393786638,0.7641584176054577,3.099417879942051
1.9252474877531285,5.179753997662356,8.096227413075972,24.6593597145967,2.1049360616159856,1.35097895666754,2.2693338836610897,0.8667329400537357
3.733973298731434,11.794551392580718,14.040544856509037,26.636292626865142,1.323452835202368,1.9843425724300883,3.7206799613994987,1.3871535561729496
5.622479108899572,13.297186393145413,6.124254882618914,37.57532100012212,3.944145120606162,2.6766870431287018,1.097591087914282,0.9232897197590775
6.767894328923445,4.243571482430683,3.6178363979588966,29.657469933866782,2.709994108910778,1.8237737468429351,3.470229352991917,2.5536800265123487
6.544718926109383,2.1506305964050783,13.2218528538888,47.22280774461792,1.377273445753376,2.7986176337641147,2.6211294173504505,3.412760606171356
2.5518497838867242,3.250426845175556,12.024753910125444,9.353458664353164,4.153093219863688,3.635548920202345,3.3249891894576757,1.2392167216739094
11.144677449700387,12.123590229258703,4.328299731354079,40.33409716673132,6.341878927246885,2.579482651126343,4.447587623454526,2.591106636378059
5.082059829859642,13.965957578233311,6.9161241646225795,36.12959966321399,6.429090966271246,2.662011074807917,3.0817969882677474,0.8448137118269815
2.457644616497591,7.5591854470038085,4.438982308250285,18.978894173108635,5.970823752725968,5.1709070114014235,1.389225876199473,4.272611650937659
3.2184052036225603,13.498126806321793,3.801127762696221,30.32859532012203,4.874204034183518,0.9934552081665007,2.7141155348703774,3.2757555171163237
12.205516844182393,9.557107529060758,9.179145514891939,23.42482402149753,6.597553750525479,3.607652734206842,1.29299740086834,1.618259616635717
7.825054730928763,11.699941455141392,14.513146045305461,9.529215042578585,7.3055707801646586,1.8871229202082684,4.967638758946307,2.3161910744250656
11.188558428228319,5.942678576726278,5.100605692506795,20.604455264717096,2.947849205603293,2.356885941890681,4.5761855213762495,2.6113294479688314
1.765692648751852,8.999469035477254,10.661408512689176,18.267297669709727,1.409887069792282,1.082518565902234,3.1839359694023197,4.612018402044784
7.4392472828926435,8.40397102604928,11.489623160090439,19.721766132080194,3.1994285454410676,4.963290332805258,3.5148383724189256,3.3731768093780223
10.115080465269996,6.539895104835783,14.59281267835049,38.41341807975327,4.179931855766146,4.296017658164798,3.1246977298939234,0.9352191071183475
11.440333270117717,8.33946461825369,8.291491981819703,45.44997291933793,3.378843713948407,1.7676919039195391,4.998404698571561,4.167349554487739
6.8088890436795255,4.037121550128545,7.52370983404604,23.514576146478053,3.506886818263246,3.751164374664915,3.5612034395401966,1.2936971688175916
3.647528161336327,6.446269881419172,6.17158909441374,42.98887706213063,2.399796425075254,4.680362388268221,2.2406823667197218,4.806619936383275
10.601090772710027,3.8016575316248256,10.342922715525761,41.571001827213834,2.3086540733875776,3.653226872429855,0.9832177936024675,1.5341821507624671
4.435994586965579,5.79205113309337,14.87887385468462,42.85268108328107,4.4428621755911335,2.131454051466364,4.897811940804245,4.796881009934437
4.958847107577787,4.5725442739138895,9.412462844721079,6.938652989476925,7.746420042964689,0.9511856681798317,1.4690567279956546,4.726437050348272
4.086112049425206,3.01429323006372,6.1615593484538,13.108368701888457,4.192389012173108,4.748789767543784,2.9285656796431465,4.979004995755537
2.3238206963736507,12.605489369555578,8.775582754456952,7.525517627099556,3.6059396666767958,1.0143865755759447,2.125568309353171,3.4462160984635846
4.802412133276645,5.408566520837294,7.794335633881182,20.970886715267383,3.9508247422107936,2.3125047145860815,1.7830192132068972,0.9778160567826754
8.321167507942052,5.67423913695365,9.335542220554984,27.667346993466722,2.031863995385467,4.1985097856027895,1.9191218848434806,4.702470208605423
3.3879776084791953,11.121401265693684,2.3506211615201265,42.47634674098177,5.953027142563988,2.2239422587474915,3.164804186405322,4.191110028775897
7.709254090345264,3.3615291141114905,12.002712763488178,12.145327438780228,6.134721124504369,0.9171772791608379,4.421205885956461,3.46385976935839
7.976170852352364,5.149076441571571,13.116656541396832,22.98839764197511,4.013613261113662,2.399422407398503,2.148623769765778,2.839766972015924
2.821213650179417,4.184259670505012,2.7266460752409687,16.39247526420664,5.5210373630695635,3.0675103766653016,1.8627068971697323,2.036572634151238
2.268647249188557,3.3060192532486257,6.503566460796235,16.62341607074208,7.658809589532444,3.5396650081891665,2.778817610920863,0.7580742188598562
11.565176584454454,6.072318269412763,12.472424865339422,35.366536799969225,1.5750750612169615,4.6291844237623065,5.13684883587464,1.6232966147537888
3.2542927158748007,7.475840464329866,3.452747737485873,27.24896581803393,1.5566112696760703,2.0027957037681112,1.5739197331691541,2.015057656184074
7.9577405732327104,2.239304446682767,7.142379140982331,15.537044404301948,2.773965090344336,0.8800354221591296,4.209203340386587,4.492103779112219
3.7130974731880624,2.0622458012070304,9.443075544314262,24.594585943237515,6.552549379426686,1.9167459574960184,1.6391346329484233,3.767208527639406
5.255832135352253,3.414892712520998,2.993363608377894,39.89534875574005,1.9894452848161372,0.8419100543965694,3.194702748618737,2.7887150660915347
10.780486073252462,5.035651289847268,12.15306169404334,10.735568585947398,7.38177575000309,3.125382635535386,1.3592078018538505,3.8136539269416847
3.9489547821739244,5.353077950043918,15.659655414403577,43.28339363388091,5.446120556665961,3.797783148111822,3.3620793132019955,4.180768916377962
2.9556066372342906,9.404076525214625,5.420517955520021,39.18333513460518,5.681414266436263,1.909896887540608,5.015726177596332,2.1685326364548825
4.704989599460324,8.749012878073003,4.112308795468297,14.381768064907746,5.125421256797369,2.6879638613722525,4.778941584879957,2.7569432295786616
11.298179612598332,5.298760164584676,7.949910479085352,47.49579665983085,5.719530991398401,4.06946058540876,2.1017747627807735,5.082287585342519
9.961214998054096,6.137715204586617,8.465583731450984,25.2279296378748,4.71108072145336,4.821403972952095,1.6477544121912393,1.5019714110743803
9.063992108398667,11.665089005246614,15.003215440470855,44.34337040651808,3.678701823083047,2.6332747659521507,1.5165634269288688,3.6599506921345935
4.65197092193058,6.812231183094434,10.167171446078672,34.931495776956424,3.0118484704995865,5.213204898052474,2.9555704640666955,1.0278925375512225
3.055506713411792,13.655758001514673,10.879886933913763,11.549007736927505,2.3613574174170116,2.54182996628111,2.9867479805653123,1.0907814243038132
11.614298010366543,9.720496026035033,12.214067869692078,28.164484345516975,6.388851752489441,2.2074859991645077,1.6279817155874612,1.2106089604915318
6.879030578330956,6.326051616404591,6.9527907931753825,24.223878044471938,4.4779253488258615,2.0141266368528083,3.3707006901725842,3.5570995398681426
8.185969489914733,8.705545097210516,13.651920375416783,33.279918956280284,3.595266652392906,1.4159336292613727,4.317135410498629,4.684363578399505
6.963186768900999,4.440557166654197,3.2134503359271416,35.47635211131057,3.711273673230639,2.3748563518836154,1.1275119236611082,4.287858959636628
2.1401849102921418,11.352446525705005,8.21364835182969,22.547415920672144,7.442640926408532,1.9538173935487406,2.0395650290887875,3.0418764115413137
9.72413204912926,6.639720016741227,14.799559277804933,44.0320388479964,3.717365318829636,4.6110636391470425,3.5054001125468885,1.338473136952829
7.594952569512663,13.744016253100664,4.171916185197757,26.840075787014833,2.8763276803525675,1.4744700013796415,5.105933057627989,2.545776665341157
6.3826634378140295,10.181727986734643,7.260265955477909,15.160844040791819,1.311524390577952,1.206637081244563,3.8577207498274237,2.375873137037437
8.844321950262689,11.311862554968247,11.619810611424306,34.53149378430366,4.797717839370133,4.357045443179627,0.9631222830583147,3.612475535140137
3.3899787099884544,4.131214072760559,6.335384492934527,11.439705811335742,3.5223160904642192,2.7494224372434144,4.829084041632954,2.0216365785398187
10.290924082579867,6.503389950052118,10.398761562460365,8.895518386797022,4.024826220963458,4.110770738553445,3.5449510907728774,4.6781481568059196
7.048786043833142,9.480007782343499,6.63632997427107,14.076979567950676,2.496074022790512,4.317771647623074,3.8224765378794867,0.8963992866882534
3.264575649087024,4.699951241202872,5.062048415701447,28.698410495080672,4.716861483470474,1.0929327672764915,4.484654213350432,1.2184407424585697
8.2504587383599,10.836950930198036,2.6128409413001843,47.454270173784714,7.330861537752128,4.398987409569223,3.678895252870954,2.7757800891590794
2.4897515087046225,12.939244082169921,7.33134688898748,11.119228733315405,5.310818058348089,4.294263836628264,3.9682575676576355,4.483215730818784
2.4182485976460524,3.7116457674054693,5.257616169362327,40.17744333307098,2.121535830082722,3.6597016266385713,4.8715028963931015,4.5562024808329165
6.265900814100153,2.4185521439965534,13.68417150376419,32.57751804402082,3.0425809614746404,4.776893170697045,2.8019031086994417,2.650370099721874
7.086071710821689,10.213150984620523,3.1774380690377977,21.25499894043171,6.35135486464364,2.3696486281655593,5.151914925276045,0.9142433576156234
7.136940918645703,7.98876310922475,13.993298161661714,46.75696592429596,7.5817139524720645,5.1512853726830246,4.060508886408382,4.3828702446425805
4.891367777465616,8.53496375537429,14.685188318034022,11.132926130854568,3.739050424695521,1.1693236959110582,1.0234390484476852,2.495588445984832
2.6893276199549776,5.7182853206477455,4.486758102196566,47.31452483721712,3.8786808478450228,3.9426909248259987,3.8063534583558507,0.8066963073821994
7.257444475293297,3.683105096656874,2.2975396707705005,30.612668903175447,1.8825906085103692,3.2408479419062806,1.9863754327105974,4.501696922636124
8.48767696857248,12.031053638430809,8.23485149035023,24.866943524381114,6.486426553534388,1.8994434422239563,3.6606100458508934,3.8235542218000536
7.377015989135249,10.355517720969562,5.23341599620417,40.895108451508285,4.734479750355463,3.456538062991216,1.408429717823866,2.189609027751727
3.1884798253754925,6.243917994579681,12.753058692162103,40.98228351884843,7.211288958359697,3.999531113991057,2.4201548981258507,3.7482263279618535
7.729971158664365,3.4565426159596955,2.9415636252149064,37.49220036574955,3.385807617862136,1.654807229572227,4.138920443513502,2.180763051583872
11.06402181544542,14.320557389783474,12.114610851231067,37.259640969730775,5.705841743103454,5.104046721644915,1.4717042020968456,4.056968807650465
11.810458807617655,11.847519898468523,5.034179578503635,38.85721162028567,7.8015762517348195,4.116846585441335,2.9058755738640056,2.702576445513836
2.764848341769695,4.899183785408882,13.629004909117526,32.28554419055927,1.3310170631655176,1.7041084493014818,2.2347579169436798,3.3281282119534636
8.513837220482166,13.676245582944755,6.265859939701649,27.853785184464915,1.5354156587478416,2.575331056484397,4.248429677362685,2.221770739207085
3.303766461504355,2.25596919312754,9.592965300456864,38.48761133912713,1.1564901695146326,4.860410649488099,2.8513288430362502,5.203242975087996
8.34880954415354,4.264998888460215,12.736100832060297,39.025799805425265,5.374855903802598,0.96970985775223,3.2872447558702325,2.6195036565066543
3.00235390880773,11.133117503570869,14.900653529065035,24.982476945265205,1.609977452306913,3.1974635678931675,1.5471778292085476,3.9685764298837554
3.7509712471408436,12.797471144767005,7.699983598350817,42.63597336644136,4.078254224594119,3.1688993828518632,1.7682154319885504,1.275752820212306
11.087718170522475,10.335722168859835,3.5280179843386503,21.647229524011905,3.5744276282764047,1.0917107484744593,4.642927586830313,2.3141319453065963
7.235418435508281,11.608941391498178,3.549840945614212,13.949689745295387,2.468308522196205,2.1263638373359273,3.4516287580382925,3.989534054999604
11.84649067138411,6.858471532613468,11.680610809443282,43.90122362432115,5.568188494868048,3.1393316424268143,3.789907543548729,1.1370882980724872
12.147327043659569,11.34011970991152,4.947276316404826,32.924068535219234,4.550582673600316,5.139792380807791,4.124704567928653,2.6812906058680737
4.876798158401895,5.456269703944944,12.54130361392847,12.22449136543376,3.482052421671833,1.6740227224992688,3.42624736726089,3.0077938283608048
4.140648855543357,3.5172498990816905,10.709888968647183,26.307261236068996,3.675182939947855,4.933303006890832,3.5529142609211264,1.19687801283611
1.995254954216406,7.567962140851638,12.17154528838351,13.604024434116493,7.837208250438264,3.475089195620259,1.6087934682015477,4.5732074633205
2.61241570717,6.793827031560621,5.296872057034255,15.352587533071853,1.9722563026460902,3.3343790877302992,2.084567699782154,1.5140555499346409
5.471379949594907,7.085667180179244,12.697318258658632,10.03139366769125,2.160243067433209,2.813103619786277,5.239147619683908,2.3947585591426774
9.307046593509511,7.44551740045932,13.385496878360097,8.584280992171383,1.6415889147064315,3.956391584194598,2.834559554994723,3.348453156612283
1.9625614631203545,11.787434386424657,4.246162759305545,34.3771359525516,1.4715096116338011,2.557366487032953,3.774576464011709,2.063682713022275
5.953274574022468,3.9315886262589874,4.4953593955611595,31.490917367778977,5.403479040637785,2.935296675335363,2.0715492570152083,3.763773161921024
4.911424069798866,8.00749611607254,15.322235011881203,23.902869661565532,1.447898885833506,0.781458018122455,3.8746837940803784,4.105338400826245
8.118757726233161,2.8391117265652865,7.000629772130139,8.152710707122381,5.481714958755968,1.4482274903332673,4.763812360455382,2.496777630244247
6.626663589698823,10.997010301391875,9.364761363605265,26.94955429123299,1.7196489870192098,2.8454422993767157,4.2183899682510235,4.001151268948254
3.1270920820688115,10.927281971783515,4.739019511554557,32.2168237457706,2.378775568553822,3.2278133424061,4.238548046824352,5.1110108042189255
8.435824110205619,9.425263072919424,13.252175740005539,42.3503995045336,6.088380011194562,3.1714516089922475,2.658700412570064,5.184386040944773
8.388951757832164,4.476929015343464,8.535146701195234,38.05436290587467,2.168690862417967,4.255343367944513,3.003101969472195,0.7617289340397043
7.8512319291184545,10.294477826367874,14.557326849874535,15.69372418285522,5.501527879883027,1.4062234542946381,0.8652211856162471,1.5788399530180874
8.961127260468851,8.866513484269024,15.152327169929528,15.954650185101766,2.800568752150464,2.6741142143486405,5.092294876427579,3.5067998926813373
10.858424852259748,3.0670877287260883,4.12837841438336,31.746157552422396,7.17367819813998,3.7772995557279767,2.0181414313518964,2.9709392626252247
5.700157864288732,2.6614308079038094,11.102407542387933,15.085338277543322,5.1716803938473355,4.953582942244346,4.6161762459694575,5.167896609264072
4.052032878122866,8.297458712249542,11.254770815637688,19.142820114617123,7.284183880485734,3.257732275548443,3.710357149758562,4.439216132835099
3.5441663598658084,4.343737477029237,5.7223906173645585,26.22659084399437,4.891827414636584,1.4325104171628347,3.098843489163113,4.938409800112297
8.7935272993761,2.90514755349631,5.456485434661334,42.80308085071515,7.758863153799867,2.0789845370980915,3.9130850510356643,1.3653528471737417
9.797878041448175,12.691317182735915,13.520486752903183,24.506753590070876,3.3050151955879965,0.8258256719828672,3.9230864091532003,4.992660367238746
7.378638946592257,7.019982461230116,8.380986700152746,34.12043857195064,7.458784608117152,2.236110182518612,1.3155142857892614,3.561382285224793
5.820801473081658,5.50735574220835,14.058454491635159,47.68071313924865,2.192094652538194,2.927196968197236,2.3449937970498222,2.3489957694675647
8.602854611806723,5.292426133913538,4.0218464938534915,13.897455824562572,4.772553194021825,2.0214836249317805,4.67275466616403,4.074224909359188
5.586302911834327,12.757792620470262,2.552192973980266,35.10427195276279,5.872667887284794,1.3190185833284367,3.5363272812633957,1.6681830954295283
2.441899335395311,14.27367509594967,13.05400640481449,46.453812407161465,7.5656102896428905,4.942343789990487,3.4025295012184604,1.4379512214061907
5.352864796259725,5.253812006009115,2.689913174703969,46.67270596321803,3.967492999912519,3.3688309794485143,4.395718686203971,1.4900173685956073
2.0313400849529173,5.889481239063043,11.8358670094815,46.008954675186665,3.11147656183676,3.9329414423287026,2.4308956891510807,3.603259264240062
2.910633744893323,7.859534507012211,2.4050724182483467,40.373532683859146,1.2086418038433357,3.905623294401221,1.742797082141163,4.966237586563807
11.429614919645598,12.869990270570533,2.9589853212590853,15.225444494779895,3.0608065514241005,2.615874877822989,1.6752470904916485,1.1478535910327845
4.4523236131790735,10.03066572560837,7.410354436709189,44.107020891095225,2.2333611420367254,4.971183721056166,3.040582372844724,5.2360746763335575
11.927970909258388,4.308204860865092,9.936876494231011,34.848337938566196,6.1493382472875595,0.9047261807924044,4.181471529013341,3.3984997498794924
9.15094932482805,9.295468333300342,2.866759056338669,24.90121553861047,3.3977108575545936,3.4372598739290092,3.3145748372731942,1.0974333798325238
3.153746022970216,9.04822175446994,10.188536641088266,21.21088159031536,4.031950531574228,2.7403618481563443,1.6838855615794035,3.8549178964818656
3.8229871159271993,8.072250063526713,2.904307193810013,25.287655183850923,6.778115165056622,3.8269545222623824,1.1458711746648629,1.8799250872864048
10.4499468487074,9.514217795248122,14.965521272771479,36.34137903715047,6.499009561119207,4.720693302190676,3.17428022908571,2.6008220632520347
6.151591151860526,6.965130005184232,12.088401861670185,28.97246164654862,4.511616084931495,2.770698940077107,3.815842976701875,3.9352734818197606
5.329034073046627,14.131076289258097,15.046341985711312,41.70777179331261,1.6220191343049826,3.076608119211919,3.6355042981007735,4.929366003759526
10.087138393419425,2.7544532460622655,3.6614037385360083,29.70486053006983,1.3648408871358413,3.8334355106711673,2.0791880106696192,3.0104989360480703
3.4679600920615377,4.330483641591178,14.351887826160443,44.22625087668111,1.5881765268932524,4.1279469066274626,2.865344849094372,1.589545175546375
4.545579437327314,2.6133177959450866,3.4167809271166556,30.76963978320956,4.619108904104801,1.7838618078095878,1.7516254739148964,4.668625154466431
12.113709044626054,9.361718368400416,7.166301173831473,9.290552233930086,5.852467828083904,5.217998713823776,5.069184038164117,2.8528051591313024
1.8830607500547811,11.634263809050282,10.563203671789745,8.299017225582352,3.232679524279043,1.8183013822086291,3.97581438049385,4.6560412922648675
2.744183869865214,11.900658111466754,7.082455545611088,42.557871278404505,2.1786069105021078,1.3857231977487003,4.952645793111734,1.657680448932903
2.60002466255169,10.00521618272638,11.239771737796335,35.03319261869504,3.230180689900575,1.7410544047480774,5.215921528553805,0.7866848457574485
12.228937485184414,12.458425153458212,6.485004759775336,31.045552055347752,4.450158147119021,2.4836037541743234,1.7399768157613298,5.132105896340267
7.197575973293261,5.521902139932635,12.451865973506576,26.401491454618217,7.428387841382402,1.63695632410183,1.1792782281806358,4.763544910690844
7.318828913826149,7.826989916151611,14.768849307613563,36.70524091805192,2.316680283080511,1.3610874365693033,2.8179875408165986,5.042910925147009
4.534885733099037,5.118843934435208,4.9183077702226665,37.807803831038036,1.3937521404510407,1.2709278897283642,5.073571750549823,3.241285591659662
4.46396204186883,9.095005591805158,12.920625243837263,41.02636369838205,3.823703042213422,5.0083585930867045,4.016163073091345,3.4512766997334614
4.629216531870972,8.786180769902185,12.844473641020453,23.7322037880682,3.2704696266076443,4.530735166310279,2.5819091661086278,2.4483555033890267
6.455053657613385,4.90558684814666,6.0743025799189585,46.94329100037382,4.9791980714303365,4.640651329972897,1.8271284454220216,1.5528298916154735
10.171480506754413,2.6803694383590155,11.804618825979162,12.711333188674775,6.037190274871785,4.097879515710159,3.2888532744420265,3.5300741505202233
9.844054457614533,7.188157130896769,8.612832675483958,25.60524980277914,3.419335339598259,4.053194163987657,1.241685126308036,1.2838494533308982
2.892961241377341,12.845436060083365,6.943653592875023,27.054432820375094,4.234382328715612,2.493056030156156,1.5409117108943593,4.748941163793676
5.449896453401637,5.576970455894568,10.092796636927929,24.772376926322565,7.489154804476714,4.886476623604569,2.8846045490539436,1.9732588796632338
9.116464400129196,10.4815327527852,9.289367200918036,27.786236785886985,2.9167097425290325,5.228819204524121,4.662639533411713,2.5321190796370536
2.5717146831863174,5.848915716379788,5.3814594817721275,37.313530339800856,6.758554857593265,3.3439645730079364,4.809228606830952,5.017745695363352
4.9822216610454255,4.604467398843992,13.837144191042503,17.172103697285884,6.197676425670321,1.0310404561121986,2.4683358271490627,2.337797390399071
7.495339095530508,9.639856743973812,4.057026858692529,34.410943164912965,3.1779975439603825,1.8068757787395644,3.629846254044281,1.1613064941057918
10.801579943898204,13.237215483407983,2.7771038265917314,45.27699798421017,6.937067228187895,0.8138627202636026,2.499187620601183,4.697828095494403
7.125222425140597,7.6361328609243735,15.71336688682971,9.710740136787484,7.350151232035131,4.26967151888117,2.622963664647438,1.7460247068765045
7.678466766450462,7.919314638901576,9.212702463186584,43.94380116623822,6.609959866931896,2.208795235081375,3.734927187313468,4.123920198255696
11.482449474151135,8.902336990765743,6.230060662658913,47.276570793221225,7.1629914427985675,3.7251568125417567,3.441268510627327,0.9850892737106393
11.520969642552885,10.404405427354686,5.609304699522031,31.278614397726415,6.927825582993096,1.761579676712081,3.067342376531675,1.9786994552659691
10.92129684725871,14.121112783554722,7.637233909581372,31.495474365243588,6.001112482947983,3.6416425510259156,1.598446012576241,4.878529299201922
11.12619928463511,9.329585480662837,11.700515756281414,16.546492501424247,7.075914046922148,1.6618423744168618,3.4902600514855755,5.057725065986317
4.3987798321474525,7.530527779211689,7.987409986885471,8.975457649947083,4.119218464669757,0.8508655497526416,4.746164479632645,3.832034827079454
2.1511882829995486,5.868403094589297,2.257859356154844,19.807170353756675,3.2512349212500227,1.4197035480178974,2.181464509647636,5.151154031272849
9.577232883679816,5.661917048224584,9.997054762924577,22.363151460449537,6.987156883950547,3.1008275226228,2.6311437824595902,4.1975440703908315
5.030978709503557,9.654403160069329,2.4683688530663317,37.4017523418197,3.747063100589409,3.807282414380694,3.1585721868304244,4.063070471941685
10.236893660867409,10.601506085207603,15.519401652474535,40.73541010556064,5.532276482736064,1.0481153926138855,2.3210408362590766,0.9600890497755183
2.2434879795369547,13.461515743682849,4.165581640600189,18.004475931259947,4.837618921599812,4.439534178761227,5.054098421986829,3.6760588810740042
3.047858071038262,6.701887602533685,14.316327951758598,23.683771552920508,4.696173235187254,1.6238083704611457,1.421819788160136,4.0208347408175635
6.7328544376633355,5.760902439271431,6.399936407944113,30.483322243464492,1.2323625235978553,3.3324911464285187,2.764957865312055,3.6316077779152702
8.097805063845717,12.057246070062064,9.528912748403894,28.413240539698965,3.152088542905145,4.411499654743684,1.796495898909235,3.8800124957777355
12.078511506465468,13.255392875672438,4.984579735302587,39.62953818094879,7.531740165889921,2.5021264090855206,3.3854879442709107,1.89184338855041
7.864104509685944,13.717998881016463,13.707907842044316,39.29663818496893,2.8929840122967,3.8992107149000894,4.72496258222402,4.5605068275717136
3.5269512794275175,2.9209737804105598,10.055433641348362,37.66197172855834,7.036117048883137,2.2272529691416567,3.9903043839885566,2.707601985887841
9.036055283142634,6.9938289901382245,8.427224924039473,31.73733153500779,3.1344801315711477,3.1995868329676824,4.020376349062465,4.3765814661740485
7.416667366141124,3.7523617598813352,8.036744483733402,33.88621930254578,7.859094974060349,2.8222693733285293,0.9975698149427311,3.1398195697981377
3.788298119909374,8.657058265480615,12.609030111273816,34.584978066289395,4.936171818681758,3.083203303740893,2.1155852927095924,5.150955658942591
9.400718128407794,9.776447722397814,8.874655058984363,35.28216988311196,3.7695233272221023,3.848797634438344,2.516584175024281,4.648279178943229
10.530989863777444,14.20776016937905,2.370536921917699,20.38988511086677,7.091208094741647,4.364180678084458,0.9388445709437214,1.9637600377853703
8.04893405339143,3.5447775831466326,10.121985066754162,10.068004711361416,3.440193197714537,2.6042535535017457,1.0171608576645457,4.7864748270240565
7.566704772890664,4.665043936392868,11.451650015026546,10.197948479787122,7.731286709138002,3.0214404533553596,4.533355323094479,5.088204427001247
11.37293485343134,13.144249845335839,2.4177012221935983,9.15778175790808,6.625092091710679,0.8332174661510333,1.866873225351694,2.243750006472954
2.9820636799414038,2.5051200992601084,6.310766665444406,46.589623760023464,5.193011786964721,4.3104596686324745,2.2546323098424375,1.1816854310976903
4.83367426637299,7.597706867402569,14.80851220244108,26.45726235320244,7.783367648967331,3.422866523979464,1.4293884698404964,5.1184494375616465
3.9179072859727038,10.759293342587657,7.760045533632874,9.59158620736322,5.9798490543484135,4.372658891509651,1.3484522581946252,1.4695872786397732
10.51094129332074,12.011930558039598,15.388326207616556,16.98862614204483,2.860595057964312,1.365831167152066,4.149909468883392,3.3162690867801468
10.360235431488192,9.901686142645755,3.4971054581976904,8.020122716979659,6.81474489845903,4.650314191906306,4.7165355896301495,4.302120991270087
3.081651211595772,13.010243178730732,7.300614582232004,33.73742083280259,3.353793912720245,4.582064542969919,1.9938114573466605,3.4877273608819905
4.204888186710289,5.429933595404984,12.885221644142574,39.958047047188415,6.02275805502353,4.458647828384857,3.8333546095850246,2.885219825127013
8.887962572630183,4.864623383638317,12.389426489334205,45.2002049626109,7.593861603097135,3.485637934630141,4.566185596206687,4.4020140369348235
10.04768260567769,9.470425184084487,8.73363496159988,36.259487921321245,4.164046587585847,5.037761260973892,1.0775869265944589,5.226396222761087
6.584291402091097,8.216287381456475,11.323442505441085,12.329767808813514,5.34541146383902,3.515823306532426,4.977876947165145,4.134064147525457
6.567568993949625,11.91839549992551,9.732236221442168,23.217975889179517,7.826381698876709,1.2537666130475973,2.4365955773395847,0.7987281458177603
11.468393115448437,2.3574898316667983,13.953726105488656,43.14600601991016,5.688807414417257,1.9644229097691888,1.1085203661582128,1.2290526238856967
4.3878488811541665,3.348645745248889,2.80804856188956,16.24890065487629,6.057300172791974,0.9357774072578915,2.288785397611128,1.6921499692220245
9.383790844613923,6.193704847495384,9.503314562024624,47.76267096887204,3.646419034755847,3.1261665663736533,2.384464913424294,4.621750038270512
7.180430569568675,13.370078789982333,5.898899423329142,19.95911906494471,7.50530586427043,0.8107368147858591,1.1923050366870758,3.6555802817559284
7.464020193569849,13.816505136801652,9.962104201699617,12.440480482740625,6.300397611310324,2.778020016600378,3.1294170948711493,1.7064038371089734
9.698030936487353,4.392224537276984,7.903931371853875,7.036009164109695,6.892089364687067,3.291494522077688,2.0010853501956154,2.130537254324547
1.8128333290803218,13.861095109710703,13.764548082176084,41.400634169982894,6.587529240880865,1.8674286791607966,1.5024245333145667,3.3626823317471737
5.825857369085721,11.874688495734908,4.971638620968624,47.1177322854282,3.998981996562776,3.544711122754784,3.1153941165087646,2.8347953101302843
8.417904180230332,7.278507031582671,3.3929774830623503,23.812769602980396,1.4847246816932147,5.238700973365834,2.249669460710307,3.7299104718710376
9.463208634494805,4.708589687521805,10.67796897427341,25.992245728026557,5.010474202037777,1.2384571000628375,1.306074776062651,3.994302894354284
12.177338179234102,10.72405405495681,15.287583234606291,15.001332099484282,1.793540625820484,4.90744859617239,0.991199135345483,5.172010093336936
8.629050193960708,13.365828401228171,8.573727525548392,38.222922274065596,6.413192609941004,5.161752631704027,1.9096591131859573,4.744957241669595
11.98912693086051,14.176917473327691,12.706938806504976,48.20868571736663,6.105099061446008,3.00959636106535,4.2623999740469785,2.5146607088421695
10.692896384491528,4.751797667657179,3.7540779315903707,39.822967625440604,2.998437916206492,1.4667992748601493,2.3328414167053837,1.2524672555843956
4.593184695708147,8.723151991374937,12.663455858560555,20.183038877698657,1.434283028370875,2.06264386858692,3.5728868459861713,1.1835091242887692
10.643843437415995,11.25095122687339,15.690610800574664,28.313999549203945,7.624320384628566,2.9635781957337675,3.29960753000935,1.4437971989393694
3.9552294963783226,12.205705125890915,13.594964399319094,28.87527400019106,2.595206973444215,2.3859045390946485,4.034885652434966,5.215820905723107
8.906580562633176,3.6257707177066756,14.625511557119484,35.94938934783303,7.545891157665503,4.783796850103554,1.208551641543585,4.413923876838106
8.370449241854892,14.01065845080418,15.402398847451819,14.888735978429597,3.1077456583421026,4.691798950663234,3.239169968848858,3.2656888555338193
8.298147655504852,6.392993549099989,3.0746080569735526,13.019020466187659,2.664531583160911,4.95227492288426,1.8825888754055962,1.064893934576242
6.291578411993987,10.098588099762932,15.352899405998544,32.8586121090942,7.667881007155832,4.036468506804862,4.991353450398479,3.2073089461673185
5.9292265584215125,12.992911192949943,13.203601262307233,22.107078502661977,2.0274476635648515,2.1410290724422376,1.851744332969498,2.923150155143875
7.906251457682062,13.065318128527991,10.890009297935583,30.08381323805937,5.649851727454184,5.146999656833379,2.0476557458466944,4.3174746329619715
12.102699340954015,10.161991929841136,14.48261144095841,47.89816877163551,4.495434123601776,3.840982813003165,3.2026809237836633,3.5700564577282177
4.570715826164908,11.41807673935108,15.545679128114022,13.750601173515125,7.143636888641924,2.2888585319723376,3.670464012870645,1.7969867724939004
10.299285301942266,12.805604663794508,13.48087097221134,44.41989862047144,4.3958873164900405,1.281536600134622,1.9759153190336542,3.1250551148096384
2.7184939348761405,6.569730752453283,10.941052987458697,43.732658135085295,2.736970825426736,2.8796448801759924,1.035055215243445,2.2711707853518757
6.103517196995202,10.570339924963754,2.3308382437576736,24.337386339960215,7.153688489199739,3.973847732604109,1.0030601126597287,1.8459742474864211
6.328790545863452,5.092204381085382,6.284254416071329,13.684479611618215,7.774008763799941,1.9967459808425787,2.5865552230596274,2.8582763986092536
7.535741260350561,11.155001734524326,10.783257349129391,13.181701206641034,4.905529056806002,4.807017666946088,5.082464144717961,2.211449659597358
12.002488559225275,10.972557429869585,12.950260815834534,21.81019940470242,6.850332073324153,2.8672205412285168,3.6516884230000626,3.9127813492156367
10.664905523469335,9.995113850106357,15.093245813008696,31.17176865045101,1.855356298820609,4.497540235918349,2.9488776654587383,4.910742585786664
11.349956048592684,11.423672568986838,11.541649422863719,19.452576952888645,2.532540616724239,3.3235569126685234,4.280321519738205,3.288842029756518
4.1740270018093675,6.455708190968709,11.89709924882652,42.29851645218721,2.599819165522833,2.8358533266394828,3.3900489871050854,1.3270289776394648
10.834556254026426,9.211641464476513,10.837516486442711,16.84995719281479,4.105020002181122,4.148154508660607,1.579470380165569,0.9956831801167438
2.1083019987051004,9.145391872061552,14.385824110036536,8.81511094410089,3.495232049211218,1.5799979764902603,3.219631072222196,1.6393962814759853
9.44437373549427,5.156753192549353,13.001640858297767,12.577098436868965,6.65681367714271,4.758827748937298,2.567141430361657,1.8042116488750868
9.274353000240783,8.9578502357771,9.650463696726273,38.86485070417233,2.003443596775047,3.7179665518714495,2.4710198419308798,3.339683758498313
7.005047556146261,3.783655166084343,13.412102826856026,24.111945283084545,6.113050392205866,4.60938488770299,4.770160059939153,3.4705998275648633
6.025695227147775,8.310319618630137,12.357483085918101,25.182826465759657,4.625870970320081,1.5532014557832816,1.1472760605935806,4.870951184416009
9.994359381701074,9.546039137292603,12.065512978897528,22.614228633657678,2.0544741806952027,3.0329585418937532,2.3101851596160916,3.048854956278606
3.9892446959402315,2.870704436970379,4.8082240436934685,38.69652456377498,6.480555153618284,3.5588550269291104,4.703890573024907,4.954545509819677
9.943336536079084,13.768288898286539,11.190039355883517,33.31714467011458,4.147234989356162,4.413208910767054,2.027433264549675,3.593872600050995
6.858999894142109,4.946820389135635,14.15136039093567,15.88792667923128,1.3416267661524819,3.112938065310897,4.623851838502216,1.3455897106730692
4.064403254337897,9.203189026947584,12.26770982945663,26.60593844704044,6.723731117109149,4.541019418688524,2.0612141934940325,3.41910857839109
9.825350575704956,3.255754209804307,13.034963751367389,29.78114378144043,6.437790112754154,2.1007102082811793,0.8814221652807419,1.9161235783028652
8.857682379473403,5.989537245705681,4.830860617745919,37.150514234798365,7.81863750039171,1.881568454816057,2.722269270677563,1.9233553210606003
4.8439361684894475,3.9494422152562523,6.892838964174775,10.388718215656171,1.8203466679774984,4.453481771295282,4.808455864059276,1.271563397332942
10.775506310986236,10.939249371531442,11.310495921725481,32.54103500454963,3.629792822551676,4.492166493098626,1.2661128236267019,2.9985948710617056
9.731973448632576,4.984569622852425,7.573286228218327,14.488344829848703,1.517198859642718,0.7649754981571251,1.1824028252020529,2.2064683760475443
4.038472830463869,6.051645593190351,15.466973628744284,22.640389496076196,1.4040250586779854,4.995568244459239,3.7497039933615977,1.7397673674188652
3.5794474256341218,7.851372126751551,14.410686166574168,30.371101737369262,5.111187388320668,2.696766245231663,0.8340207035329409,4.894113984043767
11.888234487063936,7.097725339765957,9.120942600325208,37.922433802450456,5.026765867949414,4.46936948243115,2.6408347079464085,2.3528746719805804
4.3197328339723775,8.632049309490807,10.220321619395795,32.11206313608746,1.8278969016938313,4.571407874028857,2.6815797966574193,1.3958891033290481
11.281170506811769,7.372648279776592,7.447522330142404,29.891437304578403,5.646923355721041,4.099800739263582,5.046120877849874,4.092427313215067
7.337557568924468,9.17184213572613,14.188051073635854,23.113587188907328,4.558672043409328,4.672338709040688,3.4646622114569787,4.882713106366231
7.889869155914038,7.42807064290787,3.3770891631786535,48.10838551786249,7.022719020986386,4.426706281520769,1.0560606650723017,1.5643492260889822
11.942044311536504,5.565182555539576,3.778035469026091,32.45341425872677,5.6064556426599355,4.7030429093911295,4.178838435590917,3.746331470461505
2.946856297802736,10.07433039962855,13.565120247672978,18.479877273275005,2.1367341070493038,3.698626514090969,3.316534647226902,3.4335422131711315
8.343696528892682,7.341140362041578,7.5120195906340825,16.74496873341962,3.283403290749442,5.0065053216157525,2.5559339788803443,2.530638289337068
10.006985883131994,13.037029413208515,3.0496422493246222,7.594599796998155,6.739580392818227,3.738738852539317,4.797442058729516,2.121763844474536
10.730228886174665,8.037495618879806,12.248534890488452,18.754745090703537,3.8424016085986032,2.559984106865822,4.3875444751477275,4.081231217826328
9.783245907818129,8.474607406255007,9.460232344787238,17.648918841451867,3.9215448435185145,2.94459455232177,1.2280054105389218,3.3946354407358976
8.011241843316055,10.785880344316926,11.123070120785835,30.6812987572844,4.603130044588187,4.521986343971102,3.2533731947266036,2.693726583070723
10.552523373828192,14.191549180757097,6.202082887056404,45.975717115455225,2.090089425490229,3.495354378324177,3.0292213643026047,3.2006214364425154
11.010774286298071,11.011791576625392,8.56550568883172,25.614694293864375,4.460833080702384,2.949131375229418,4.486514089061936,2.822731825888579
11.79750732986604,4.5345366889378145,5.922941701483283,26.93108125392088,5.089646807766303,2.8602003529642945,4.3020659948426045,4.515514913847359
6.351641827132002,12.490385160155533,7.813055765754241,44.539984351788284,7.450598610101045,1.6101249999302163,4.461787498833534,4.6453271732801475
6.038510590813524,2.768622250575623,5.974631080746487,12.925748647247264,6.523151409910941,0.8895657020930783,3.355840124350638,2.0460937547706557
6.9426353094122195,8.584469686509884,7.109051596533346,19.352995186208933,3.8602239812417936,2.657218661063923,3.2614260310992824,2.8760156089656377
4.784729262529691,2.966208670286386,11.133749040122861,21.14091410897006,6.789248273426243,5.1939180129035245,4.600751240667907,4.509353098299957
9.527046510719632,6.096554516663486,13.906332897343416,29.192041258202494,5.38345014826499,0.9478542923027554,1.9665351439788556,3.22865075505437
9.487555247503689,9.884671374119534,13.78498036101288,14.705087655266441,2.9402476254435,3.265288098809028,4.731241370983096,2.2829726606067133
3.4964964905731284,10.818757517691004,9.558937604689724,16.012258606366302,5.619884146564218,1.9387589664885527,1.33564711475845,3.979850546000118
11.10186130250234,3.0535837081282313,9.779455785509768,46.142271194461486,6.162369021126903,2.6485997757864856,0.949231138211835,5.015256005281316
6.245476648447073,2.3013286798360677,10.13672244992928,27.38935922633797,4.573523954050859,4.179037018454302,3.905992194689781,1.9465318759724959
3.448683915742993,9.08324595970473,7.8724466932525745,40.82107777993877,7.708353667658012,3.6009848641245514,2.9702332830203013,1.4094529547938885
11.58217380202054,11.491266976379052,14.319650097044816,21.446920092233924,4.31684564371547,4.9802815382769445,5.040092689361628,2.009212613485852
11.236894902844003,9.684194810160385,13.348183405827,28.83160877324101,2.38432341096505,2.988850927715865,4.327969231090615,4.581632689992546
7.805340587552269,10.27084282165449,15.58879968217188,33.11985581075353,2.4788793245052987,3.386441450458632,0.8485726949761072,2.1463879327363973
9.928962343697735,11.675476561602864,15.636618423623514,30.130535353894793,6.541654356624479,2.5265033426759795,4.273564594446917,2.249492430254774
6.838116481828686,11.45538285167396,2.744053902317631,22.194014373803018,6.961642693207872,1.1031686836609773,4.678044708263668,1.6052370133737628
9.681625266693255,8.804100555952653,11.389316708868444,42.73178038215746,2.6217676094703783,2.9750365123726064,2.4532279100914547,4.8243754034019375
7.03873547480477,12.506140656952812,11.991271795117118,19.500994833949374,5.0468205314293595,3.4904254587973513,2.3708896457633992,4.590602107703858
8.917011673879532,7.213893234594359,4.072363478893082,11.297480430827274,4.8542432228290515,2.416537983321811,3.4999333943696955,2.4761040465773547
7.446086570516936,14.22942740147386,15.302588293690864,19.160597484820205,5.625691110679859,1.5030563126759375,4.361834011680235,3.9195527254871014
11.046310245574743,10.248670125494861,11.646312476575215,16.784171629346467,7.60642871056306,1.2213151712173953,2.176716228448715,3.6446542494685277
2.363098214271922,13.46708847097364,5.478337066568493,31.864034419858566,6.321204482486473,1.9319079854316294,4.936855071704344,2.137609710163449
1.8474366350778053,2.572914151532531,9.138368063109702,35.18577581157841,4.222010670733234,4.444151570186309,1.3785435540498714,4.340519850750503
10.193982989673566,10.508406775937775,6.023645502501358,26.106125258230303,2.9742352812620068,4.012883287521958,3.584997274886932,0.7830750962341275
3.4850228803591747,9.838733324960026,3.822958918543006,45.34658923151315,5.5576917734390445,4.8372773723603295,3.245901631591086,4.728857932632036
9.173781541414218,12.584392151337198,7.560203060091834,41.904600371512,2.837290806637566,1.1883698702741716,2.530580948465343,1.0666832900700525
1.9413920200271024,3.0062452598330633,8.342448035251266,28.637596410902457,5.0164612017294345,2.170946523899148,3.529856875227532,3.1139711408831676
5.438631176332156,7.014297516656773,13.552650241279109,37.7198234463768,5.230028064060598,2.6245018822458106,3.143964664098814,2.1132900344654364
10.264377700297716,3.5691397723451104,11.950207704203503,13.82334728953186,1.2334284003825964,0.9586235181164654,1.4910844811680017,4.527626678995897
3.833559416067159,5.072051764380287,13.48921142398374,47.63488218756239,7.518683273759704,3.9878445488134715,1.1618043725434268,2.723527099190331
6.188421067269746,3.59044338216535,6.566302297172916,14.279492727178004,6.691206244567594,2.506651875513891,1.6160592810327779,2.816921257831624
6.821334144218418,4.2271353590611955,8.676345797981021,38.32320276450468,2.291987518386424,3.279371296443267,2.4476231640116293,2.416592641512274
9.206922638772552,6.929998801643815,8.248901111103256,46.48267317172367,6.401051734980611,1.214573188983445,1.3683435831252555,2.896893392370249
7.314109799145696,12.362904594902027,7.936474614776333,20.00899670954862,4.65184945915688,3.2991577627467477,3.9426700862328152,3.7916201963239504
9.617976805280454,13.79791232677811,12.424060248868885,24.422185901704783,2.7221668084359214,1.6875462936803571,4.63086454951726,1.9976540000906189
3.6631532346070417,10.632681511704565,15.246675328734167,10.944039514303345,6.4554120384982925,1.2808344246754306,1.666638530134466,2.397449942557544
8.571280105870898,13.528211952009208,2.5916429733824917,17.97287119331892,1.1856522906901372,1.0676267848505976,1.7887887467435328,4.24189885923963
4.234773653549869,9.255822328798326,7.719043223329747,43.45312454123624,4.214173479755209,3.3951309896119395,2.164947325659611,2.90241179696684
5.752532790270977,4.494180167291991,7.111742582821015,26.764483644288223,6.071055426046795,1.1386039688929974,4.102882779795347,4.041462621924274
2.091819999673171,13.333900394124175,10.474787255317128,39.46546477426398,2.345377994741166,3.3583707941885614,2.7377702141664626,0.8537927703515777
6.007401524843207,7.72395717062258,8.076975393751358,41.24162982636664,2.8957563678840064,3.3105181698574357,5.132703791188003,4.388649246190239
9.094183188475002,2.804492672563943,10.052796104648085,15.798847947000706,7.009870669023532,3.8557073529220434,2.493733870395551,3.883595794368849
11.862592912594321,4.968668033501123,11.025800281961597,36.7824070404869,5.78110657986917,0.8016024476427921,1.2450506059764423,1.5165993212784905
11.205059437441903,5.966852705003452,15.173821570659763,12.09962743763293,5.066786929696624,2.270028660345613,1.8942123068441936,5.140725597130873
2.511327779957755,12.55773233609776,11.522192837934995,8.382241687956226,1.292433036216791,4.225467152913019,1.5606864658779498,4.357856212627471
3.5640401187305937,13.636074255103306,8.784264272995067,7.414539721892402,2.2835513017137417,2.5925303121810255,3.8829109236869446,4.9211863096946225
4.2940452555153215,3.846914260169525,4.723587745480129,23.349722855779223,1.8461018753775735,1.7530054726716582,3.147447314604178,1.4529325931663246
12.04709076997701,9.589106317580892,9.624305537061003,45.131944770189165,6.882133033650432,4.923784834079311,4.335046439833458,2.4859574859346214
1.9113714466262146,11.531456975801689,4.582221304955107,38.0114719011654,3.0262049918135303,1.6024253515336677,2.272023164831415,3.2563831483755763
8.781447750881249,11.28385646637209,3.310056911497187,8.680531237298695,6.635394451406967,3.2432394020741673,5.0239401181645285,4.029948861805802
6.9019842281003605,12.155236802797983,10.49475141186132,22.88133154325041,5.245474197615233,1.5076084893237045,1.9525388481869914,2.1576662132199385
6.479905395423342,3.667335617092488,14.575302780700525,15.45004646890436,1.8987488312453435,5.056239245186391,1.7021681697806081,5.244285127564733
9.66348549414504,7.164468533118835,5.202698657377217,40.21236931245037,5.88764041693875,4.5654023475472085,3.8943439444996986,1.9337340486324774
8.950704784575105,4.814928993144198,3.8849237605059175,29.492148631910936,6.27353079591647,2.0490786611107934,4.929692124146588,3.0594408710395053
2.7876104519895533,9.443878816387063,14.082443541636287,10.530025345656227,4.369835270811791,3.9506598612325217,0.8248585908948305,3.193197889832157
11.893564987230842,2.145750753364616,11.069154767720567,19.245867512614325,1.7459840206609458,5.11510875370963,4.191945839508886,3.629069833471095
7.161594194038778,14.103848662346241,6.593051601111371,20.14384641101066,2.264181382931843,3.1594001422939226,4.904493395361196,0.8158589510567655
7.793464697959846,6.600244641314186,3.579049810266711,14.781107479894743,4.827344902240261,1.574427614364775,2.0954368560705623,1.952204806711081
5.278378509316454,13.580458959233209,10.444712684828101,43.53190896256772,5.223913384655713,5.112438552719541,5.167541253055696,1.418699585281746
8.503495647920172,12.729923397922128,8.936514624182847,7.249014996793969,3.619825379351392,1.5411419455172246,1.9371012525174884,1.008780150214133
5.8993557439231274,12.702370375890105,9.825244905542764,10.69723552841907,5.9184397057552625,2.08331849039806,3.2292271546803084,2.460919089893954
3.1019528660837064,8.171100371567512,8.11887253504719,22.859650488237953,7.680855045120369,0.8693543063640726,4.289157731823138,4.9006982909711585
5.860745113842867,13.706487173802493,13.283339392116154,40.463272185210315,2.677982428654383,1.1549620280295132,1.964506731775134,4.447210812689343
2.0529917598004017,10.235560478343281,6.705762647567672,29.97485955023496,3.170605486738223,2.290406555626587,4.887615347787459,5.026648778356976
8.67321229498762,5.328686117755581,9.792987468263906,7.080865578009402,1.6279693861107303,3.060485643058734,3.5997611437744848,1.1696317171157526
5.1418594633973385,7.305539519346122,4.559380529795307,25.396054199248734,6.043139662918588,4.167525683194598,2.142708723602616,1.8747321910671377
11.70921775669876,13.398379711668653,10.75555655528857,36.573624508314396,3.5478057955137623,4.770146943716121,3.0096838360415723,0.9527060155238937
9.637736518123212,12.90968594685408,10.417706518401475,36.06530115724654,6.915515950720065,1.4540469653038313,4.19760863694874,3.9556865680170605
6.448475078391763,10.374207903090518,10.826664870440672,15.666558637705462,6.575094008638937,0.9229362065689248,2.569378085873229,4.424886219411233
8.238452019142176,4.114275546135035,8.642498607838252,21.777408426897672,1.1781474155498406,4.625997069612313,2.407327058706965,2.044411122688088
8.68798228788285,12.633760270336296,3.2250611001980545,45.011178974914685,7.370909608561543,5.0176762516601325,2.2207860342736447,3.89416494821808
5.174353923437994,7.1318092282525125,14.858745251622077,36.39684759898009,4.243595954585686,2.762954069985665,1.1294166367405682,2.1965116022312685
11.682747395645649,2.7230801456142326,4.345366527936047,27.104686547398735,4.962585400164193,4.876432754538229,2.7466907307983996,2.7999961505659563
5.165099939847936,12.299911549353087,14.004806232400533,20.839097010614008,5.808227929799225,4.020479659808844,3.7162028723783522,4.984510645625206
4.751875459621376,12.346688253272962,11.571725507070331,22.013216662258507,7.127686514533065,2.471702091144402,3.057314357067152,3.1600489204592974
10.026180368806234,8.3703298509616,5.154468215265452,45.590594465990016,6.9837522376936985,3.5845281923999077,5.205626602844028,1.8958521270398538
6.125182710637279,13.934299658931849,8.456806214473499,39.41559794528839,5.177105514259447,3.868572842919685,1.2143192501636322,4.129645436820448
9.543812670676328,12.313627764658012,4.613055265695817,34.00969286100214,3.343006095746938,2.1140512676625987,2.7490487953853293,1.7821790243757494
5.3165457132462235,6.300052159910242,14.930859745501333,14.129791116904482,3.97839196340348,3.530543304762181,4.167688982253624,4.459512658325739
10.420487197570015,6.6592721562614114,3.636657803867595,22.46135397414784,3.0869085305452586,3.1858848958628743,4.789224822870694,2.9844625977064396
11.504527545697375,5.202878281141226,13.330480111778401,34.742559912639464,5.326901885657024,5.033620676349812,3.5898957863216383,4.841868329430543
4.672918730570903,13.919581702977435,13.084726727855841,15.295775730944003,1.9814867871627166,4.710957300664704,2.695346425732268,0.836898241078466
3.222669498349834,11.733842694715637,10.288052206947942,42.20445367728952,5.669671024665487,1.6486197566859517,2.404081764513664,3.9044397238180766
8.146351446311684,2.8137027371681755,2.8806980639422473,36.47957122302158,2.84370196845897,5.064018731652208,3.9297704501033337,2.737160268211039
3.8816339028162914,7.665973898478438,7.466149342909114,8.077207074056302,7.187575948964742,1.531294387725633,2.1920038782847815,1.6993384941180447
7.665590571149721,11.221111794427319,7.389973815421489,42.03223706555775,7.101565189113058,4.834700729617754,0.8532350097691658,1.8649319003887237
8.20340935251502,11.558398016338607,10.967053334611485,30.23835875487031,7.408696723503048,1.256443390975283,2.7923038161724465,4.5996231308778475
2.6404497278955117,13.53907032869326,15.121932805176575,21.950314463062586,1.7130125111322156,4.731679475548639,4.919676359628671,2.45383225376973
3.4094485825508745,9.805935994729756,13.815035302800515,27.573586759772454,4.330647908871713,3.465534129188834,4.457150206508754,3.480557286076361
7.516813003946586,12.889722860137091,6.540483842050591,48.2550481277908,7.1175198262966415,1.0208915006780728,1.8844828797786584,4.329009180171928
11.754886013948276,10.861704242951618,11.918020481148172,44.69884202992758,2.4420430574617464,1.8547998018090541,1.1107517133451617,4.052050073569411
12.038315057310083,2.2179538285929974,12.187343352368169,17.768919096406858,1.2859642373379987,4.3779942563344925,3.6992870492262178,4.342608378594332
4.4934775122518005,3.8870437673142577,7.653441699579202,9.058953357665613,6.261892767111006,3.9982301015904125,5.179715333953033,2.5816319718486778
9.759372584320444,7.768795924899314,10.731144278408182,35.57621015809646,6.8259499401902435,4.658487053639667,1.3288495861487697,1.8490690597919193
6.228535372798341,3.843724345014242,7.274371526505333,45.857034334996165,5.544298474926879,1.700180394121806,4.855227356828825,4.604515096397881
2.8190109837947603,5.626638298964745,7.235856250523946,43.58514552025181,6.9505487454633945,3.5050543815006865,4.982990234422193,5.103173832233639
8.806341566556467,3.728582805899876,15.199222744250696,40.524105717410336,7.045154857410368,2.4444254383919626,4.469524139945032,4.530699611717234
4.1088651618123,7.699670513616156,9.260485348785707,46.16897848928284,5.413779058970911,4.281635595391384,4.554627038750901,2.0969612272369993
10.946813617259549,4.425703061611765,4.401585883462374,29.534794254933487,2.7480306807745194,1.1233834398901472,4.518318210493701,1.3251073000885076
11.171734693146613,3.9032470983629075,12.584435753316978,35.74696663196063,3.037394379149534,3.2160006074788194,2.2975943445878553,3.7017243326191664
4.722187100496949,9.856654148208566,8.654593777042132,45.49456096628865,6.1845109381131405,2.2519979018614245,4.563519795166558,4.81094968980923
2.384274229076329,13.990795973592395,9.90780219485734,30.93069800815548,7.479133991857804,3.8820690732860297,4.257253359777192,3.3127400816094705
6.072500870259342,11.97096200875999,8.313661313802083,20.418064392470868,5.816004679482537,2.91696316106695,5.202247835001564,4.17833733403835
6.521288180314449,9.275271938596477,3.9224788206966936,9.720800167749463,5.755387688790077,3.1482352102112072,1.4599467071008334,2.622822323797645
4.9892133241619465,11.241823416764259,9.870273928554468,29.283001055208832,3.3174649776482443,2.1767149202241125,5.14466613059588,4.155726212476402
3.329028874000309,8.186243130252638,6.7605855192281075,13.281579946224156,4.055938973296827,2.3178743893140106,4.4067008289827445,2.675274687901849
3.6013211386719597,9.119987225024168,10.583644366882291,39.581446309409486,6.468590306907999,3.7884663151531113,3.9606709242873444,2.9568250874842934
10.233019562415555,5.6013802612262475,7.372984666686391,17.116364755070947,1.4923647164548857,2.7888350871825254,4.3430583462343515,1.6494038461540905
10.330642663518967,13.840373320706245,15.433646292156803,26.13665509784053,4.685129355234183,2.515478127659583,4.916208180037332,4.71474472863979
4.7663945797722125,9.727308137913662,11.76941290763537,10.802076035800498,5.258416179816654,1.859143071012143,2.032813035525782,3.684899037742838
7.776040834779255,9.953197835263852,9.703607473769424,33.000754502670844,1.6787278447765823,2.964602132661112,2.3907011243528355,3.5980488958507997
8.747842076157639,11.947101553177848,12.832921210711545,33.166867991300165,6.230157281151151,3.810596552148805,4.1139848993672095,4.829936350759204
5.551124268310551,12.420073026554125,11.270967974279078,44.903974908991515,3.4250893474037736,1.371123982073572,1.0858108856688777,2.102539837444966
9.196576556640975,8.120635197323319,8.353824404476104,33.96196692862331,4.784939346336253,4.513984268929348,0.7586695048536468,4.8588732801807035
11.651664741917706,13.597134272762915,12.322190974306356,46.31406371774725,5.272168667637182,1.5661169510465736,4.133846902887525,1.1053523342167668
10.895030657925364,2.3930410198839613,4.853536341475591,36.013874069715634,6.845822454748739,4.244845938493281,2.943001166177696,2.7613377044365808
11.01229948443617,10.065352809100649,3.845623313073344,32.009589355983735,7.318393428707692,3.876084608428806,3.1000227050077522,4.278793275579928
9.424543132198071,6.748226125457939,5.672105502505801,27.443042409706262,2.6615360910670782,1.156187148539299,2.3543688796493996,2.2332208636292443
2.8690387508669044,13.904154594809615,14.289269602336914,32.79202366038632,1.7033555956933926,0.8991792360089078,2.914638752659944,0.9433329538382021
2.469765858221711,12.27417145835301,15.568025911172771,11.216496939495979,5.842175884577285,1.2930792927739208,4.654663027050882,3.727388152458317
12.23367001318376,11.092922590480288,13.309976874219787,28.464741736545065,7.643711920419363,3.447086851230872,5.170663978472478,1.0184213517739584
2.281983095554846,10.687786342718152,7.5971431380693195,17.716343275648747,4.27760014781269,5.247673135219583,1.5069396311311254,4.766854217923632
8.07841579457801,2.535171021522732,7.2014372407357055,42.135912165809636,5.8968530610786365,3.914262235877235,1.7226702973487011,3.702039116734269
6.670484291303602,7.501365088696779,11.005909437062549,33.72534768933947,4.523200240441443,2.8494846258313085,3.796562708061241,0.776201211097123
8.46955380703011,12.24687052974354,6.0361727156038905,37.10425948836655,6.703386548553358,4.588577470194036,4.609962308726352,1.0808462522377762
5.549587352795699,2.706654857064909,3.968407534219975,14.250503211543357,4.8886582145871715,1.7152673772421407,2.154381233183795,2.7669652676114116
2.5390647120900223,13.180123576933813,4.6295161545516805,7.177843298629908,2.5617977886586436,4.079126215518185,4.036910893805942,4.230315543306029
8.070602151606616,6.909086947695243,3.488239184129019,23.957495146744566,3.8942184880890505,4.050897471750742,1.5572393131425555,4.404180209418021
6.705815158216702,4.07699946669816,9.395950569471957,41.15720922497673,3.3271107108324793,2.33843705315405,3.6914327709162937,1.2002498316229864
9.506474733910363,8.439047323976919,11.746189849824578,35.714377816579685,5.420226241041931,4.511689114288603,4.051266595763693,2.5097324091563804
11.545348938460535,10.558564629875473,14.182254296333756,18.525606790121174,7.063522731912291,3.0049207990205713,4.744065612515882,2.928864336863127
6.096140297316677,2.9562847855026617,13.156444067530568,16.50360093171365,5.917377660600497,3.9209568192926123,2.89316819820732,5.051679028702364
5.605781150185273,2.3399362216924167,9.608894612743121,7.822533431469442,4.639819146289218,5.088859205707147,4.002575138239646,4.016044481039852
1.8174715107395827,2.5423391775317956,6.826375255066722,18.350951222715523,5.988943942004771,3.571893710803321,1.7128627019654856,4.2118483082812315
11.697476994035066,8.517632259411386,4.689055303422126,21.486936189948274,1.5059534081300237,2.431743749504232,1.2808999881442928,4.251573380737545
3.161320669822968,9.756561942729792,15.229320433475467,34.263344570558345,7.562121522441757,3.2148004685534084,2.8074218465275877,3.2999235173202637
4.004126512617109,7.065644158996898,4.208531639948455,43.0667900600448,2.977324301012655,2.1954411036001447,3.05138340484249,1.9053455069811545
10.133778763425003,14.059645415335996,13.939187627152982,28.539006788059346,3.5674752167540587,1.7345409452691078,4.079561554166568,3.355327918522458
5.49314458453461,3.2908152854850483,14.43344290061524,41.337035755996176,7.236009230116113,3.671852666772816,0.9250493507511709,2.299520125866058
7.9870977672129015,4.0610352103404415,5.849376822528763,40.64471195822371,1.947111225187534,1.1348592631910313,2.9202318017209543,3.9411976047851747
5.2754948854761885,5.017750862053818,12.51853444208034,46.848137141457826,1.253979133034321,5.199704623059547,2.9970205398796446,3.795921935831183
11.311215800400792,6.217631679675523,5.781761958273031,30.563166567733766,4.9548241781394635,4.912286287522934,4.880640920744105,2.261525672670536
5.783813861969979,13.284294146875808,5.735674088959739,7.322399521555059,1.133362684358879,2.0341255467664014,4.428274854844797,5.078425757066627
8.639826735519303,6.835904157947146,10.254302526266702,41.822866704616246,2.5807211386603712,3.430889873454925,2.6742298901432138,2.6360892655980597
9.13267638380568,12.659383113143232,3.0985446798982723,17.84971642561431,5.078284120951009,2.3501190934032805,4.4348047392357355,0.8277991440239149
5.2358513315612125,6.690699704359228,6.841974769767372,17.43885127890677,4.0894622054979095,1.9202015223238833,1.7588681683873038,4.306240168209964
3.3490454718126736,12.534624478324073,4.259091518960697,36.9232347724309,1.916538853265952,1.6151193510940614,3.7395199387789657,2.7410099091495614
2.655092057399943,5.388072111792775,8.824861205548668,41.66788017039383,7.401445324926721,2.41367500362257,4.31384389346492,1.1181064386378172
6.7152043814884435,12.062276527589528,11.350757826697633,23.17669209544103,7.280053197533528,2.4585044054524055,3.0764386588529486,1.2602924933060615
2.0138299563306568,6.0240998038385385,8.014766277468006,27.984933006080187,2.227467372082585,5.127499261048339,4.368108185311595,1.7237048717755479
7.069181987536437,5.7006662636378795,14.99289942342645,10.607502032019315,2.4481046827553374,3.680258501301219,2.30659830552658,3.383131892754659
10.61835296394279,4.148456352835527,6.434430686725361,28.03547209004458,3.8264095513991783,1.6851526048418577,1.3844800192077396,3.5214128512544054
10.389914006538827,11.066286415993972,8.177355354021925,43.814494948108184,7.252082224178954,1.3972040281290639,4.510526415584627,3.8581065399554566
2.8485970579181625,2.1150746661603828,12.63190761718028,47.837807100342765,2.5166436405710058,5.086047835611848,1.528936123278332,1.8226723833796719
4.352221963254939,2.098346681748851,10.006708720493242,10.309344291421068,5.434382508941543,2.722886300445237,2.6859153205530726,4.367478227492182
5.908881045997104,11.197093386451247,6.380922117736227,17.27898977697938,4.341112380182992,1.0445725452661856,1.7185401262391875,3.2471513882426293
8.705925973357276,8.26684188712386,4.363404187617681,39.046779656050276,3.2931031693920287,2.0379098858911235,3.4139766024868763,4.947755177987966
9.242979608720777,6.612782586027306,14.73622833511188,25.466137486505232,3.9137845427714306,4.178045446135091,4.836312640043814,3.8664081047981345
9.348513120617964,8.824646745343742,4.275079219560672,17.521796232853948,4.584907136566175,1.7953423392322085,3.619576147777636,2.8730242676545243
10.467342656658248,3.600600229502815,8.847429271854548,39.206981071460646,4.759302753435175,0.755961137761003,2.606119327160857,1.4866105509020062
7.2304490324502675,7.224833783815251,6.6799288881164385,31.132885705486444,3.6598211824030757,4.193492189468271,1.8335447960044096,4.146626913594931
2.184560451847881,13.436070077611344,9.020083268800398,36.83882331748251,2.2581286581006808,5.0499920969029155,4.083354385605956,4.845275519519074
4.926724454175655,10.448047004716614,11.175147390231809,35.850890988739025,6.201712876678872,2.3029641975212263,3.8540891747484216,1.8340198628745552
3.7755767951611037,5.775954990976928,9.852448640686767,39.717260407132976,4.2857979362465155,2.9015360991783816,4.696540375699486,4.630627722149221
9.358239911010926,6.7552871268310115,8.953735804719292,9.86173392573313,4.927169213847527,2.2593526162863977,2.59902456858151,1.52528460663134
10.972150467246943,10.740543665866806,8.72500219983683,22.725531603751005,7.872359959597564,4.326448391029517,4.852362225979531,3.669537842507059
10.429114739359727,7.734122045317936,5.517088314983944,41.9716901195434,2.7691810470284812,3.7048825650109722,0.9034401642087445,3.2168916924361017
1.783181930687282,3.1474995765702465,13.437007231837432,25.884007506102012,1.6747157225666163,1.0649250619458037,1.254778106835857,1.361617180562385
5.883345363591546,8.678422507314915,2.8348064322423894,14.561286099777762,2.6354802773857244,2.1503135978936374,5.106195199711887,4.215427852636031
10.49363411057268,8.854506635864272,7.053513908510257,11.72919715810989,1.802934209874206,3.0963964716594248,0.819191846136068,3.0216123266465886
10.157305932351505,7.623053417740708,4.875334630836981,18.14345437414956,3.7859484277776416,4.867736935232421,1.4837305452337128,2.407464324318285
5.203828014722708,5.24305157684751,14.25260970139664,43.240197308255794,4.3598074000962335,1.4409297538135648,4.546884199132815,3.807199301893759
4.157535667599252,13.089274893042859,8.150525768354399,46.291485725295175,1.5681007245355665,0.9817686546194998,4.8224867961267535,1.0297093030429312
7.582783941511079,13.163577764787188,2.6516027079641797,31.340538331423918,6.7488575883094875,2.2769143150411217,5.242996376154858,1.7719212501678778
11.39586278960079,9.934281279570762,4.762363956018116,21.578358979186554,3.217000466080695,5.186979687552994,2.3412463263579397,1.6839579134568172
5.647313401824328,2.2801054812433064,3.341460840148909,12.523722847824924,2.7962401202287888,4.156138141806748,2.1296489146880937,1.8205505385154408
8.5831765776669,5.8367625401271095,5.575926573219382,7.681401826570098,6.8044606893122745,3.762355731134684,2.88242120803937,0.8822867480667247
5.419044396857631,12.432535036433425,14.454581380208062,20.557129737894122,3.7718134734267683,2.9981800016652445,3.94725381499067,2.7128954258187115
10.069458173330858,7.883954484173114,11.406969835394055,34.1736949998378,3.137954520222878,2.184384312386351,4.954509485875833,5.205796684947427
5.388395422166077,8.923722137667545,10.6193647081669,25.85720694189691,5.4960953080399815,4.894114575247983,3.2744399159235966,3.1325843824368427
10.704947268816698,11.388503358253171,5.873800909757048,13.26945118818432,3.80067621199529,3.053722505397515,0.7954546360617322,3.1819379646450314
6.220677710588348,4.534801729220245,5.515245830880067,28.234291626490894,6.2418892748770665,4.737290619154139,1.3983277055563437,1.7890251537776993
8.734039841576365,8.562095341355054,14.702541867251037,47.96953087961261,7.266295269257585,2.8860176608856483,2.545464130907299,1.0557895899121623
11.78727331849861,8.459744672952631,6.622144971139381,25.06634771166761,2.1495258725449666,4.336375916661048,4.684935961927153,3.2863791611856352
6.309168831390903,3.119723687863452,9.098674765250408,44.3182502687388,2.5049495316676254,2.730013184937623,2.766084173745557,2.6476193402157016
9.04666368368667,12.958217977955162,7.842056901592552,7.8012871319381505,5.212532784483985,3.7370921439090594,2.651664512202884,3.0887469291425527
5.7698006491309535,3.218979380980819,6.666711709188418,18.590315709847957,3.447647725426357,1.3105761996019094,4.354296306184619,1.7185759080610938
5.059604329704525,10.885379929068247,3.0145998790135877,41.46065231066624,1.7498482830516142,3.6143193434889853,0.8075485983131439,1.3146954053147621
9.600051256782859,6.406874308786213,2.6653451352114077,27.75198022202842,6.128419503261464,4.699382935758184,5.224219225195444,1.1222306482317086
11.637670408537243,10.519525081977292,10.631884615861544,27.316648286249105,1.7698029164481381,4.4785018490565225,3.2122170734504882,2.9459860160391558
2.079074086782816,7.799253817882838,12.98041308960832,45.803356376529344,3.5281403890486405,3.275918603345118,2.484392996920329,2.066516599526892
3.8634722636491565,4.647471881942352,12.797930940043042,29.158839779432345,2.0744038162791956,3.6283935282951174,1.0440798524594697,1.7633100666297317
2.210929620382941,2.4800110262334276,5.186745937851951,21.382339510175665,4.664893665060859,2.539132291629393,3.345543857291549,3.5335385551048906
7.281057435434407,8.386259415761039,9.305887797608431,8.73130586470251,5.7689835354776084,3.6910375566368336,3.83823836536054,3.0280086394550403
8.172488449597958,12.223557747120765,13.749957826965513,14.61242381371235,6.2910582601372,1.5157977381287873,3.4814953809614164,2.915108272333593
10.58935157826894,11.749953231367051,4.43533859047851,12.785656587598638,5.828476564613876,2.0647186227081513,4.529013885794434,3.7771801380377954
10.958322324129568,8.59599741630222,8.48809864180308,11.862640260042701,4.12302131012674,1.4907609303216365,5.119218505640471,4.47224897340771
7.6243111541506705,4.2122608462691105,14.211402537299842,32.35894344542649,4.9940820484763435,1.9653235309307642,3.7667611294476746,1.0430281062899849
6.650917416990089,11.584957817060548,9.038476790914078,33.40132613347235,2.335162969857637,2.3925038676286734,2.1998374797278437,2.329880310562292
10.867336459298103,11.513564600792147,11.607947421776666,20.257422675928165,5.5910214800212925,4.389553038596432,0.7944953397428899,1.5971097100984188
3.904316581510921,8.236014331719426,12.895503428181206,40.04909696668557,2.8163957875144114,1.4840132332128884,3.024687084679892,3.1749616269691536
8.26412590466784,4.799209422267422,3.931004171279316,16.323431553383877,4.0542492790864815,4.217689096848027,3.4168167027543044,1.3783080354545891
4.258609581746882,11.830578632693875,6.102315013402148,29.068497486671752,4.303432787480737,2.5993717860269134,1.2836581716558464,2.0758362914599013
11.974330465579895,7.930723507603589,2.5362460156857005,33.535881247703784,3.693995240687903,4.794012702892731,2.9810569663805033,2.292994483547629
9.311806381938837,9.624096387070683,5.683512965624814,22.219810302154567,4.423704066009019,1.8407568728300099,4.063598114113287,1.4294444843128824
4.501638999248957,13.10291618921098,15.50388152600816,17.077005611944102,7.220514411715056,3.37484430013024,3.760815335606909,4.114764581813326
4.6187360347950195,13.197192113124562,10.314359353894348,12.631047976100625,5.147145471120846,4.2120609231134924,1.8094215384766137,4.2479003979230345
3.016952287858493,2.617965808789526,10.521789558727564,11.920086284308553,1.148424643771912,1.5944630852347477,5.190567513167691,2.4249018228135357
2.3047766918454444,14.343122831720514,13.87845786662976,25.700718616761346,5.466290980267761,2.0988727660483835,1.4433591210828878,3.718786538872245
5.370519922361824,7.971317621823386,10.974041633342733,46.98195036040701,2.058697940237728,1.1973401571393114,0.8960498293234757,1.7564885937793389
2.339819024809201,3.100423988270406,2.5056429153634996,38.61319300011958,4.259016269697026,4.140187482780277,3.6471162732369815,1.9897828138253928
6.769074895086272,3.204127518207966,12.298562579058107,44.95205880896836,6.531779658336484,0.9845100809880283,3.9857080707015555,5.19119452216487
4.2888668881001495,6.33898399834114,12.484118643645468,45.702512636644286,6.683337567512122,3.0369880131731235,2.3683389712183915,3.5468179084513722
4.211573769778979,6.368803873186429,3.285134809297784,36.960578278707715,5.792638664332193,1.792313064393518,1.5920011698851155,3.148308678563785
6.92494765882915,6.886839591341659,11.86606985805398,8.497252148458461,1.8705498441823294,2.4350965613546123,0.9474924188614108,2.3676296118089444
3.324410441730093,14.05429525298273,3.725104984837753,19.05930042549394,6.215851343423438,1.1132000855419537,5.033182206680012,3.079920991484753
6.429362014221657,12.168283715135473,8.910199833138478,17.341188332772937,3.0741902233549263,4.081307676183083,4.156345992378094,0.8750148742661754
12.126266547960517,4.779525747517637,7.735014692268119,29.35673010522502,1.461395329333795,1.9757563677171743,2.2108644662289274,4.543091207167687
3.692678899663864,3.972458864593826,11.457664551151293,11.985939592061516,4.750362457911037,0.7749787551183318,2.5104150190861105,1.1357340841141683
9.262331659556395,9.350394435818282,5.83540588516415,24.192140295698024,4.40982134685223,0.7883567365756399,2.8620739891350255,4.26091311642457
4.368666248484983,3.1725689931405014,9.675055539559672,44.76070150171055,1.925869108522578,1.3300413146963779,1.942485195830706,3.495916374757381
9.913977678900494,10.655495642516886,9.063285653407963,30.911762944872088,7.687783175110499,3.550365042357533,2.539400548989856,4.777934402521807
11.25160654775265,3.42830566511154,3.262353749047233,31.603815678127873,6.868888520437433,2.709101369156845,0.778649956696064,2.9788666015661063
11.728694381515936,8.9645220236563,6.457103339090538,38.14759794892245,5.36118339615995,3.5915544276072016,0.9690097064756162,2.803376943983806
3.6287623213223066,2.1747145161774006,6.754641083354146,19.826910393710307,4.540075542335619,1.2302552308610883,1.053177387216298,3.9492496204032537
5.102605632232638,7.328986802605232,8.992573364896483,9.93712038619092,1.7797715324994328,4.852062719815105,1.652220154788488,0.9668492640103433
8.986780433818709,10.428832227262358,11.814674335808576,18.84335891713455,6.662257401363876,1.1751591598672992,4.497958602702152,2.26741889536998
5.11148096312956,6.278890180278132,3.1334450472266173,32.70287023689043,5.292219830397339,1.7282271347589013,3.872673601919655,1.4056958463307756
7.631364001115726,6.169703046457153,5.793656558342677,10.23047745991176,4.388716683127061,1.008569681232784,3.338632883754179,2.3856387507841754
5.69727041445426,5.913874006753121,5.6307944211767555,35.41531582372635,2.408467946617212,3.413717916400099,2.8465415151117703,0.9064046239718635
6.982187914555835,8.082154423279913,5.990772454764224,9.454932449213825,6.374476878250022,4.235090894986681,1.6925019726292372,3.1709441441697344
9.862183711744246,10.660198598132517,5.0223290699835195,43.39318140947006,2.216195852264944,4.260843394320385,1.1705220009270045,1.3049664147881952
9.01112032412528,7.259707177318157,5.3834323976796155,19.58120012651534,1.198879304229528,2.804367318800608,1.4393267145632118,1.4773372359099821
2.2206032185922866,14.296263746147265,5.302620610230365,13.408718236258576,1.6590657040013141,4.027105759769239,0.8682798773533326,0.8910272764856256
2.6988107619184607,3.5013493342405893,14.124172608544054,31.95765144595859,3.8886310088600973,2.713527248776449,1.8436774286179767,1.550904746619784
6.400811880028505,6.488139983446705,2.462206425776068,16.098299069605954,1.2691360996883485,4.812007030606704,1.2202739958045312,2.95339223790496
8.544947949386032,12.087274740034875,7.018319904741231,11.658168708179016,7.713223235705608,3.966725916720498,3.6119880529891613,2.662674808961059
5.72850809879484,7.393974355084661,4.664578356262085,13.462783343161277,5.095652876601955,1.5501335180317624,1.814402657460911,3.426301916065538
7.9432978675849135,10.133259114144515,5.134823544949178,11.492678375820816,7.337194972503047,2.3267605419435,3.434076172591153,4.455139393462339
6.5019786851970895,5.493063796989497,14.662678059884934,33.625941478081536,2.9307016245024737,1.838745830783291,4.094614948396117,5.066311996279263
10.751887975374693,4.364948032366181,13.173649043357646,10.970303891552295,4.816441128099047,2.8992913788890653,2.707598539318977,5.003664155319248
10.341358189149608,4.611390696295953,10.358633442292616,34.6482095882227,5.938364285456221,4.348933242509041,2.8201921762192907,2.085087105896554
5.517237994610944,12.39926327103786,3.686345866664734,38.55189940579476,2.701431280398089,1.3433649959076623,1.3181657986109323,3.579858555785135
1.8705608582832844,11.045413293553526,6.797304172060331,20.7236484072887,5.301103260632365,4.599779170774269,0.8922993864764476,3.842022869174016
6.164721155752378,2.449762456340671,5.551744209550925,23.604719844686116,5.738610018068804,3.4030990184845535,0.916353227596328,3.0975535506172966
11.338385191958743,2.439003361858957,5.337159981868831,44.57561094544105,5.153971040207499,2.15794036466945,4.585314136933407,1.5758661802598661
5.008222177613391,3.996567957384745,15.061922038493424,18.194003200957624,2.6420919325349517,2.464594052112086,4.228187183065522,2.5690679028345254
5.658156735518588,9.034573249381506,15.727565536837693,7.914912552667855,2.425496003064739,4.5563923688409,1.0672783417477416,1.6612099882501745
