cmax,cmax,cmax,cmax,cmax,cmax,cmax,cmax
143.94089302267508,5.225987887727426,307.3809287372992,419.3301915221218,3.044401035935816,42.32237086116193,17.999433741426056,25.61012323150011
122.69220766133584,2.898175230917807,132.6732171354507,413.29012361182936,9.844645141524218,10.882898005803174,102.1388088853435,30.71619527488006
183.68511678097408,6.9393807083909245,150.90556987782645,167.99363950504457,5.4032544690221425,31.376514695558015,44.9601784209497,24.362582207417198
111.16268757207533,4.142273301299831,104.86905715968109,373.0308527078327,3.959598547470669,7.221806161488865,17.830363077460678,30.99417879942051
35.75459620112953,4.421741217516647,269.8742471025324,491.40028416768786,3.2743449847359773,11.258157972229501,52.9511239520921,8.667329400537357
69.34521840501235,10.068519481471347,468.01816188363455,530.7956864049213,2.0587044103147947,16.536188103584067,86.8158657659883,13.871535561729495
104.41746916527777,11.351256677075355,204.14182942063044,748.7835706546075,6.135336854276253,22.305725359405848,25.61045871799992,9.232897197590773
125.68946610857827,3.6225610215871686,120.59454659862988,591.0003066531424,4.215546391638989,15.198114557024459,80.97201823647806,25.536800265123485
121.54478005631712,1.835904167662872,440.72842846296,941.0342123021685,2.142425360060807,23.321813614700957,61.15968640484384,34.12760606171356
47.39149598646773,2.774754623930353,400.8251303375148,186.39138642732757,6.46036723089907,30.29624100168621,77.58308108734576,12.392167216739095
206.97258120872146,10.349406293269626,144.27665771180264,803.7591826703704,9.865144997939598,21.49568875938619,103.77704454727225,25.91106636378059
94.3811111259648,11.922158908247953,230.53747215408598,719.9739063321628,10.000808169755272,22.183425623399305,71.90859639291409,8.448137118269814
45.64197144924097,6.452963186466667,147.96607694167616,378.20260127571555,9.28794805979595,43.09089176167853,32.41527044465437,42.726116509376595
59.77038235299041,11.522791176128361,126.7042587565407,604.374182103881,7.582095164285473,8.278793401387505,63.3293624803088,32.75755517116323
226.67388424910158,8.15850642724699,305.9715171630647,466.79902941390003,10.2628613897063,30.063772785057015,30.169939353594604,16.182596166357172
145.32244500296272,9.98775490073046,483.7715348435154,189.89377802239937,11.364221213589468,15.726024335068903,115.9115710420805,23.161910744250655
207.78751366709736,5.07301829720536,170.0201897502265,410.5960288258841,4.585543208716234,19.640716182422345,106.77766216544582,26.113294479688314
32.79143490539154,7.682473566870828,355.3802837563059,364.02223617175173,2.193157664121328,9.020988049185284,74.29183928605413,46.12018402044784
138.15744953943482,7.1741216076030465,382.9874386696813,393.006209153772,4.976888848463883,41.36075277337715,82.0128953564416,33.73176809378022
187.8514943550142,5.5828372846159136,486.4270892783497,765.4847805747934,6.502116220080671,35.800147151373324,72.90961369752489,9.352191071183475
212.46333215932904,7.1190551619238835,276.3830660606568,905.7059820882558,5.255979110586411,14.73076586599616,116.62944296666977,41.6734955448774
126.4507965254769,3.4463232744999783,250.7903278015347,468.587568136338,5.455157272853938,31.259703122207622,83.09474692260459,12.936971688175916
67.73980871053178,5.502913313406612,205.719636480458,856.6624052236176,3.7330166612281728,39.003019902235174,52.28258855679351,48.06619936383275
196.87740006461476,3.2453174050455833,344.76409051752535,828.4076451075221,3.5912396697140094,30.443557270248792,22.941748517390906,15.34182150762467
82.38275661507504,4.9444338941040975,495.96246182282067,853.948354920456,6.91111893980843,17.76211709555303,114.28227861876572,47.968810099344374
92.09287485501605,3.903391453341126,313.74876149070263,138.27025884827208,12.049986733500628,7.926547234831931,34.277990319898606,47.264370503482716
75.88493806075383,2.573177147615371,205.38531161512665,261.2174922477772,6.521494018935947,39.57324806286486,68.33319919167343,49.790049957555375
43.156670075510654,10.760783608157203,292.5194251485651,149.96502517770858,5.609239481497238,8.453221463132873,49.59659388490733,34.462160984635844
89.18765390370913,4.617068981202568,259.81118779603935,417.89810483322685,6.145727376772346,19.27087262155068,41.603781641494265,9.778160567826752
154.5359680046381,4.843862677887264,311.18474068516616,551.3420596524165,3.160677326155171,34.98758154668992,44.77951064634788,47.024702086054226
62.919584157470766,9.493879129250708,78.35403871733756,846.4489386789844,9.260264443988426,18.532852156229097,73.84543101612418,41.91110028775897
143.17186167784064,2.8695980242415167,400.0904254496059,242.0264525843886,9.542899527006798,7.6431439930069835,103.1614706723174,34.638597693583904
148.12888725797245,4.395553059878171,437.2218847132277,458.102126923417,6.243398406176807,19.995186728320856,50.134554627868155,28.397669720159243
52.393967789046314,3.5719289870164745,90.8882025080323,326.66164475774104,8.588280342552654,25.562586472210846,43.46316093396042,20.365726341512378
42.132020342073204,2.822211557651266,216.78554869320786,331.2637260473966,11.913703805939356,29.497208401576387,64.83907758815347,7.5807421885985615
214.78185085415416,5.183686327547482,415.74749551131407,704.7679434776477,2.4501167618930513,38.57653686468589,119.85980617040828,16.232966147537887
60.43686472338915,6.381815030525496,115.0915912495291,543.0047536202413,2.4213953083849984,16.689964198067592,36.72479377394693,20.150576561840737
147.78661064575033,1.9116013569243135,238.079304699411,309.6150153031185,4.315056807202301,7.333628517992746,98.21474460902037,44.921037791122195
68.95752450206402,1.760453732737709,314.7691848104754,490.1095024920519,10.192854590219287,15.972882979133487,38.246474768796546,37.67208527639406
97.60831108511327,2.915152315566706,99.7787869459298,795.0160078136604,3.0946926652695463,7.015917119971411,74.5430641344372,27.887150660915346
200.20902707468858,4.29872671084523,405.10205646811136,213.9334319663431,11.482762277782584,26.044855296128215,31.71484870992318,38.13653926941684
73.33773166894431,4.569700689061882,521.9885138134525,862.5313948780616,8.47174308814705,31.64819290093185,78.44851730804656,41.80768916377963
54.88983754863682,8.02787020445151,180.68393185066736,780.8273305809003,8.83775552556752,15.915807396171733,117.0336108105811,21.685326364548825
87.37837827569173,7.468669530062322,137.07695984894323,286.5932041920022,7.972877510573686,22.399698844768775,111.50863698053233,27.569432295786616
209.82333566254047,4.523331847816188,264.9970159695117,946.4742088009771,8.897048208841957,33.912171545072994,49.041411131551385,50.822875853425195
184.99399282100464,5.239512979525162,282.18612438169947,502.7304819141717,7.3283477889274495,40.17836644126746,38.447602951128914,15.019714110743802
168.3312820131181,9.958002809356868,500.1071813490285,883.6541204197443,5.722425058129184,21.943956382934587,35.3864799616736,36.599506921345935
86.39374569299648,5.8153193026415915,338.9057148692891,696.098647729204,4.685097620777135,43.443374150437286,68.96331082822289,10.278925375512225
56.745124677647574,11.657354391536918,362.6628977971254,230.1432701199322,3.6732226493153517,21.181916385675915,69.69078621319062,10.907814243038132
215.69410590680724,8.297984412468933,407.13559565640264,561.2487822476209,9.938213837205797,18.395716659704227,37.98624003037409,12.106089604915317
127.75342502614632,5.400287965223432,231.75969310584608,482.72220740795524,6.965661653729118,16.78438864044007,78.64968277069363,35.570995398681426
152.02514766984504,7.431562887862637,455.06401251389275,663.1867907954404,5.592637014833409,11.799446910511438,100.73315957830137,46.84363578399505
129.3163257081614,3.7907195325096814,107.11501119757139,706.9562920732178,5.773092380580994,19.79046959903013,26.30861155209253,42.87858959636628
39.746291191139775,9.691112887796958,273.788278394323,449.3144476945536,11.577441441079939,16.281811612906175,47.58985067873837,30.41876411541314
180.59102376954337,5.668053672827877,493.31864259349777,877.4500495071745,5.78256827373499,38.42553032622535,81.79266929276073,13.38473136952829
141.0491191480923,11.732696801427398,139.06387283992524,534.856582712252,4.47428750277066,12.287250011497012,119.13843801131974,25.457766653411568
118.53517813083198,8.691719013066162,242.00886518259696,302.11826892882243,2.0401490520101473,10.05530901037136,90.01348416263988,23.75873137037437
164.25169336202137,9.656468034728995,387.3270203808102,688.1275935277904,7.463116639020207,36.30871202649689,22.472853271360677,36.12475535140137
62.95674747121416,3.526646159673649,211.17948309781758,227.9651520374876,5.479158362944341,22.91185364369512,112.67862763810226,20.21636578539819
191.1171615336261,5.551674347605468,346.6253854153455,177.2657649542885,6.260840788165378,34.256422821278704,82.71552545136714,46.7814815680592
130.9060265283298,8.092689570293233,221.21099914236902,280.51952037582873,3.8827818132296845,35.981430396858954,89.19111921718803,8.963992866882533
60.627833483044725,4.012153498587819,168.73494719004825,571.8886149382017,7.337340085398515,9.10777306063743,104.64193164484342,12.184407424585697
153.22280514096957,9.251055672120277,87.09469804333948,945.6466882457098,11.403562392058864,36.65822841307686,85.8408892336556,27.757800891590794
46.238242304514415,11.045696167706033,244.378229632916,221.578833453749,8.261272535208139,35.7855319719022,92.59267657867815,44.83215730818784
44.910331099140976,3.1684780941266206,175.25387231207756,800.6374577242404,3.300166846795345,30.497513555321426,113.66840091583903,45.56202480832916
116.36672940471712,2.064617683899497,456.13905012547303,649.1896711670815,4.732903717849441,39.80744308914204,65.37773920298697,26.50370099721874
131.59847462954565,8.718543523456546,105.91460230125992,423.55976149411015,9.879885345001219,19.74707190137966,120.21134825644104,9.142433576156234
132.54318848913448,6.819675824947958,466.4432720553905,931.751132549376,11.793777259400988,42.927378105691865,94.7452073495289,43.8287024464258
90.83968729579001,7.285944669221957,489.5062772678007,221.85178883949322,5.816300660637477,9.744364132592152,23.88024446377932,24.95588445984832
49.94465579916387,4.881463078601735,149.5586034065522,942.8619079880222,6.033503541092258,32.855757706883324,88.81491402830318,8.066963073821995
134.78111168401836,3.1441141069022103,76.58465569235003,610.0350687226992,2.9284742799050187,27.00706618255234,46.348760096580605,45.01696922636124
157.62828655920316,10.27041164256289,274.495049678341,495.53691805831926,10.089996861053493,15.828695351866303,85.4142344031875,38.23554221800053
137.00172551251177,8.840076103266703,174.44719987347233,814.9387553742594,7.3647462783307205,28.804483858260134,32.86336008255687,21.89609027751727
59.214625328402,5.330173897811925,425.1019564054034,816.675939687197,11.217560601892862,33.32942594992548,56.470280956269846,37.482263279618536
143.5566072323382,2.950707111185106,98.05212084049688,747.1271812015308,5.266811850007767,13.790060246435225,96.5748103486484,21.807630515838717
205.47469085827208,12.224866064449309,403.8203617077022,742.4928454113016,8.875753822605372,42.5337226803743,34.33976471559306,40.569688076504654
219.33709214147075,10.113736498692644,167.80598595012117,774.3284924332289,12.135785280476385,34.307054878677796,67.80376339016013,27.025764455138365
51.34718349000862,4.1822300607149,454.3001636372509,643.3713516234637,2.070470987146361,14.200903744179016,52.14435139535253,33.28128211953464
158.1141198089545,11.674843790318695,208.86199799005496,555.05731345854,2.3884243580521978,21.461092137369974,99.1300258051293,22.217707392070853
61.355662856509454,1.9258273599869244,319.76551001522887,766.9632694391275,1.7989847081338728,40.50342207906749,66.53100633751251,52.032429750879956
155.0493201057086,3.64085270966116,424.5366944020099,777.6880396008657,8.360886961470708,8.080915481268583,76.70237763697209,26.195036565066545
55.75800116357213,9.50388079573123,496.6884509688345,497.83921448898053,2.504409370255198,26.645529732443062,36.10081601486611,39.685764298837555
69.66089458975853,10.924670489435252,256.6661199450273,849.6299040414038,6.343951016035295,26.40749485709886,41.25836007973284,12.75752820212306
205.91476602398882,8.82317746122181,117.60059947795502,431.3759506596575,5.56022075509663,9.097589570620492,108.33497702604062,23.141319453065964
134.3720566594395,9.910071919571617,118.32803152047373,277.9829478229153,3.8395910345274302,17.71969864446606,80.53800435422683,39.895340549996035
220.00625532570493,5.854792771743205,389.3536936481094,874.843224397704,8.661626547572519,26.16109702022345,88.43117601613702,11.370882980724872
225.5932165251063,9.680589996265931,164.90921054682755,656.0955686366152,7.078684158933826,42.831603173398264,96.24310658500188,26.81290605868074
90.56910865603521,4.657791210684709,418.04345379761565,243.60399460103508,5.416525989267296,13.950189354160573,79.9457719027541,30.07793828360805
76.89776446009091,3.0025304016551018,356.99629895490614,524.2389014434038,5.716951239918886,41.11085839075694,82.90133275482629,11.9687801283611
37.05473486401897,6.460455486092863,405.71817627945035,271.0946898102925,12.19121283401508,28.959076630168827,37.538514258036116,45.732074633204995
48.51629170458571,5.799608441576141,176.5624019011418,305.93924431846085,3.067954248560585,27.786492397752493,48.639912994916926,15.140555499346409
101.61134192104828,6.04874027576277,423.2439419552877,199.9009607692097,3.3603781048961032,23.442530164885643,122.24677779262451,23.947585591426776
172.8451510223195,6.355929488196981,446.1832292786699,171.0635704961689,2.553582756210005,32.96992986828832,66.13972294987687,33.484531566122826
36.447570029378014,10.062443988411292,141.53875864351818,685.0516222428761,2.2890149514303575,21.311387391941274,88.07345082693989,20.636827130222752
110.56081351756013,3.356234193147917,149.845313185372,627.5363968216825,8.405411840992109,24.460805627794688,48.33614933035486,37.63773161921024
91.21216129626464,6.835667416159486,510.7411670627067,476.3253012268494,2.2522871557410094,6.5121501510204585,90.40928852854216,41.053384008262455
150.776929201473,2.423631961702074,233.3543257376713,162.46343800425038,8.527112158064838,12.068562419443893,111.15562174395892,24.96777630244247
123.06660952297814,9.387691720700381,312.1587121201755,537.0382195716718,2.6750095353632153,23.712019161472632,98.42909925919055,40.011512689482544
58.07456723842079,9.328167536888369,157.96731705181855,642.0019224700661,3.700317551083723,26.898444520050834,98.89945442590157,51.11010804218925
156.66530490381862,8.045956281760485,441.73919133351797,843.9391205613579,9.470813350747095,26.42876340826873,62.03634295996817,51.84386040944773
155.79481835974016,3.8217686716346653,284.50489003984114,758.3296955880821,3.3735191193168372,35.461194732870936,70.07237928768456,7.6172893403970425
145.80859296934273,8.7879688761677,485.24422832915116,312.7372572670424,8.55793225759582,11.71852878578865,20.188494331045764,15.788399530180873
166.42093483727865,7.568974925595509,505.07757233098425,317.93686963065113,4.356440281122944,22.284285119572004,118.82021378331018,35.067998926813374
201.65646154196676,2.618245622083246,137.61261381277868,632.622704848997,11.159054974884413,31.47749629773314,47.089966731544244,29.709392626252246
105.86007462250502,2.271953128698374,370.0802514129311,300.613625095972,8.044836168206967,41.279857852036216,107.71077907262067,51.67896609264072
75.25203916513894,7.08319646167644,375.15902718792296,381.46924141447164,11.33095270297781,27.14776896290369,86.57500016103312,44.39216132835099
65.82023239750787,3.7080685779517886,190.74635391215196,522.6313392824965,7.609509311656908,11.937586809690288,72.30634808047265,49.38409800112298
163.30836413127042,2.480004009082216,181.88284782204448,852.9599444888887,12.069342683688681,17.3248711424841,91.30531785749884,13.653528471737417
181.96059219832324,10.834051253555051,450.68289176343944,488.3592200919921,5.141134748692439,6.881880599857227,91.53868288024134,49.92660367238746
137.03186615099906,5.9926679547086374,279.3662233384249,679.9362758903208,11.602553834848903,18.634251520988432,30.69533333508277,35.613822852247935
108.10059878580222,4.701401243348592,468.6151497211719,950.1591386444477,3.4099250150594136,24.3933080683103,54.71652193116252,23.48995769467565
159.76729993355343,4.517924748462777,134.06154979511638,276.9420544749788,7.42397163514506,16.845696874431503,109.03094221049403,40.74224909359188
103.74562550549464,10.890798578450225,85.07309913267552,699.5416512325916,9.135261157998567,10.991821527736972,82.51430322947922,16.681830954295283
45.349559085912915,12.18484459410338,435.1335468271497,925.7100298528552,11.768727117222275,41.18619824992073,79.39235502843076,14.379512214061908
99.41034621625204,4.484961468544368,89.66377249013229,930.0720391220983,6.171655777641696,28.073591495404287,102.56676934475934,14.900173685956073
37.724887291982746,5.027605935785525,394.52890031605006,916.8451112808935,4.840074651746072,32.77451201940586,56.72089941352522,36.032592642400616
54.05462669087599,6.70935872549823,80.16908060827822,804.5450353667583,1.8801094726451888,32.546860786676845,40.66526524996047,49.66237586563807
212.26427707913254,10.986577060243139,98.6328440419695,303.40559681626604,4.7612546355486005,21.79895731519158,39.089098778138464,11.478535910327846
82.68600995903995,8.562763424299831,247.01181455697295,878.9442568877671,3.474117332057128,41.42653100880138,70.94692203304356,52.36074676333558
221.51945974337005,3.6777358568360548,331.2292164743671,694.4415168917177,9.565637273558426,7.539384839936703,97.56766901031128,33.984997498794925
169.94620174680665,7.935155894280782,95.55863521128896,496.21987486361445,5.285328000640479,28.643832282741744,77.34007953637453,10.974333798325238
58.5695689980183,7.724091741620683,339.6178880362756,422.6806114012119,6.271923049115466,22.836348734636204,39.290663103519414,38.54917896481865
70.9983321529337,6.890945176181342,96.81023979366711,503.92066489558,10.54373470119919,31.891287685519853,26.736994075513465,18.79925087286405
194.07044147599458,8.12189323984596,498.8507090923826,724.1941474794477,10.109570428407656,39.33911085158897,74.06653867866657,26.00822063252035
114.24383567740976,5.945842687352394,402.94672872233946,577.3497791884688,7.018069465448993,23.089157833975893,89.03633612304375,39.352734818197604
98.9677756422945,12.063113905464233,501.5447328570437,831.1331335623888,2.5231408755855287,25.638400993432658,84.82843362235138,49.29366003759526
187.3325701635036,2.3513625271263243,122.04679128453361,591.9446844760292,2.123085824433531,31.945295922259728,48.51438691562444,30.1049893604807
64.4049731382857,3.6967543281875916,478.39626087201475,881.3202167454568,2.470496819611726,34.39955755522885,66.85804647886869,15.89545175546375
84.41790383607868,2.2308810453189767,113.89269757055519,613.1631116219296,7.1852805174963565,14.865515065079899,40.87126105801425,46.68625154466431
224.96888225734102,7.991710802293039,238.87670579438245,185.13781625585318,9.103838843686074,43.483322615198134,118.28096089049606,28.528051591313027
34.971128215303075,9.93168861748195,352.1067890596582,165.37896645182224,5.028612593322956,15.152511518405243,92.76900221152317,46.56041292264867
50.963414726068265,10.159098387837474,236.0818515203696,848.0735218522636,3.3889440830032793,11.547693314572502,115.56173517260713,16.576804489329028
48.286172304531384,8.541038204766425,374.6590579265445,698.1252152276185,5.024725517623117,14.508786706233977,121.70483566625543,7.866848457574485
227.1088390105677,10.63524098465945,216.16682532584454,618.6613634217849,6.922468228851811,20.6966979514527,40.59945903443103,51.32105896340267
133.66926807544627,4.713818899942494,415.0621991168859,526.1166775376819,11.555269975483737,13.641302700848584,27.5164919908815,47.63544910690844
135.92110839962848,6.681576757690401,492.2949769204521,731.4450182945129,3.603724884791906,11.342395304744194,65.75304261905396,50.429109251470095
84.21930647183925,4.369744822078837,163.94359234075557,753.4163806909753,2.1680588851460634,10.591065747736367,118.38334084616254,32.41285591659663
82.90215220613541,7.764029163736113,430.68750812790876,817.5543490619611,5.947982510109768,41.73632160905587,93.71047170546473,34.51276699733461
85.97116416331806,7.500398218209183,428.1491213673484,472.9243508491852,5.087397196945225,37.75612638591899,60.24454720920131,24.483555033890266
119.87956792710571,4.187696089881295,202.47675266396527,935.464132253826,7.745419222224968,38.672094416440814,42.63299705984717,15.528298916154736
188.89892369686768,2.2881202522576967,393.4872941993054,253.3055526728669,9.391184872022777,34.14899596425133,76.73990973698062,35.30074150520223
182.8181542128413,6.136231697106999,287.0944225161319,510.2495431713234,5.3189660838195145,33.77661803323048,28.972652947187505,12.838494533308982
53.72642305415062,10.965616148851655,231.45511976250077,539.1281902610979,6.586816955779841,20.775466917967968,35.954606587535054,47.489411637936755
101.21236270603039,4.760828437958779,336.42655456426434,493.6524387491815,11.649796362519334,40.72063853003807,67.30743947792536,19.73258879663234
169.30576743097077,8.947649910914198,309.64557336393455,553.7112402984725,4.53710404393405,43.57349337103434,108.79492244627332,25.321190796370534
47.76041554488875,4.992976831055918,179.3819827257376,743.5667277858865,10.513307556256189,27.866371441732802,112.21533415938887,50.17745695363352
92.52697370512932,3.9306429014521886,461.2381397014168,342.1977186053346,9.640829995487167,8.59200380093499,57.59450263347813,23.37797390399071
139.19915463128086,8.229146000953255,135.2342286230843,685.7253166921062,4.943551735049484,15.057298156163037,84.69641259436655,11.613064941057917
200.60077038668092,11.300061998031207,92.57012755305772,902.2590178012895,10.79099346607006,6.782189335530021,58.3143778140276,46.978280954944026
132.32555932403966,6.518650003228125,523.778896227657,193.51112591424337,11.433568583165759,35.580595990676414,61.20248550844022,17.460247068765042
142.6000970912229,6.760390545403786,307.0900821062195,875.6916899069209,10.282159793005171,18.406626959011458,87.14830103731425,41.239201982556956
213.24549023423535,7.5995559677268565,207.66868875529707,942.1055774011475,11.142431133242216,31.042973437847973,80.29626524797096,9.850892737106392
213.96086479026786,8.88180951115644,186.97682331740106,623.3057216938234,10.776617573544815,14.679830639267342,71.57132211907242,19.786994552659692
202.82408430623317,12.054608473766226,254.57446365271238,627.6272065537671,9.33506386236353,30.347021258549294,37.29707362677895,48.78529299201922
206.62941528608062,7.964280288370716,390.01719187604715,329.73082883272957,11.006977406323342,13.84868645347385,81.4394012013301,50.577250659863175
81.69162545416697,6.428499323717297,266.246999562849,178.85875751706146,6.4076731672640665,7.090546247938681,110.74383785809506,38.32034827079454
39.95063954142019,5.009612397820133,75.2619785384948,394.7081048755859,5.057476544166702,11.830862900149144,50.900838558444846,51.51154031272849
177.86289641119657,4.833343821655134,333.2351587641526,445.642510987219,10.868910708367519,25.840229355189997,61.39335492405711,41.97544070390831
93.4324617479232,8.241563673229916,82.27896176887774,745.3247749275664,5.828764823139081,31.72735345317245,73.7000176927099,40.63070471941685
190.113739416109,9.050066170299175,517.3133884158178,811.7563607992156,8.605763417589433,8.734294938449045,54.15761951271179,9.600890497755183
41.66477676282916,11.491537829973165,138.85272135333963,358.784846456267,7.525184989155265,36.996118156343556,117.92896317969269,36.760588810740046
56.60307846213916,5.721123563138512,477.2109317252866,471.9592157284884,7.305158365846839,13.531736420509546,33.17579505706984,40.208347408175634
125.03872527089051,4.917843545719515,213.33121359813708,607.4575084748358,1.9170083700411082,27.770759553570986,64.51568352394796,36.31607777915271
150.38780832856332,10.292771035418836,317.6304249467965,566.205880320088,4.903248844519114,36.76249712286403,41.918237641215484,38.800124957777356
224.31521369150153,11.31557928411062,166.15265784341955,789.7190579536897,11.716040258050986,20.851053409046003,78.99471869965458,18.9184338855041
146.04765517988182,11.710486849648204,456.9302614014772,783.0851812222068,4.500197352461534,32.49342262416741,110.24912691856046,45.60506827571713
65.50052376079675,2.4935142027895023,335.1811213782787,750.5103061850393,10.945070964929323,18.560441409513807,93.10710229306632,27.076019858878407
167.8124552583632,5.970341820849705,280.90749746798247,632.4468240671843,4.875857982444008,26.66322360806402,93.80878147812417,43.765814661740485
137.73810822833516,3.203235648679189,267.8914827911134,675.26886291305,12.22525884853832,23.518911444404413,23.276629015330393,31.398195697981375
70.35410794117409,7.390171690044427,420.3010037091272,689.1934034948973,7.678489495727179,25.69336086450744,49.36365682989049,51.509556589425905
174.58476524185903,8.345748055705453,295.8218352994787,703.0867186852021,5.863702953456603,32.07331362031954,58.72029741723322,46.482791789432284
195.57552604158113,12.128575754347972,79.01789739725663,406.32017431075093,11.030768147375897,36.36817231737049,21.906373322020166,19.6376003778537
149.48020384869798,3.026029644149565,337.39950222513875,200.63052866843404,5.35141164088928,21.702112945847883,23.733753345506067,47.86474827024057
140.52451721082662,3.982354579847571,381.7216671675516,203.21998782184485,12.026445991992448,25.178670444627997,105.77829087220451,50.882044270012464
211.21164727801062,11.220701087481817,80.59004073978662,182.49202778440014,10.305698809327723,6.943478884591944,43.56037525820619,22.43750006472954
55.38118262748321,2.1385171579049707,210.35888884814688,928.4164155077139,8.078018335278456,35.92049723860396,52.608087229656874,11.816854310976902
89.76823637549838,6.485847325831463,493.61707341470265,527.2280541399037,12.107460787282514,28.52388769982886,33.35239762961158,51.18449437561646
72.76113531092165,9.18476260952605,258.66818445442914,191.13668166846998,9.30198741787531,36.43882409591376,31.46388602454126,14.695872786397732
195.20319544738516,10.254087061741123,512.9442069205519,338.54146297553103,4.449814534611152,11.381926392933883,96.83122094061248,33.16269086780147
192.40437229906644,8.452658902258573,116.570181939923,159.8212860267686,10.600714286491826,38.752618265885886,110.05249709137017,43.02120991270086
57.2306653582072,11.106305152575018,243.35381940773348,672.3036760159937,5.217012753120382,38.18387119141599,46.522267338088746,34.877273608819905
78.09078061033395,4.635309166809133,429.5073881380858,796.2654302881749,9.368734752258824,37.1553985698738,89.44494089031724,28.852198251270135
165.06216206313198,4.152727278715637,412.98088297780686,900.7287220810142,11.812673604817766,29.046982788584508,106.544330578156,44.02014036934823
186.59981981972854,8.084509303486758,291.1211653866627,722.5622593016914,6.477405802911317,41.9813438414491,25.143694953870707,52.263962227610875
122.27969746740608,7.0139038622189425,377.44808351470283,245.701894740849,8.315084499305142,29.29852755443688,116.15046210052003,41.34064147525457
121.96913845906447,10.174240060912021,324.4078740480723,462.6770557626353,12.174371531585992,10.448055108729978,56.853896804590306,7.987281458177604
212.98444357261386,2.0124913197155596,465.12420351628856,859.7935982228473,8.849255977982398,16.37019091474324,25.865475210358298,12.290526238856966
81.48862207857738,2.858600026431979,93.601618729652,323.80055652833187,9.422466935454182,7.798145060482429,53.404992610926314,16.921499692220245
174.27040139997288,5.287309016154597,316.77715206748746,951.7923562637543,5.672207387397984,26.05138805311378,55.63751464656686,46.21750038270512
133.35085343484684,11.41348189388736,196.62998077763805,397.7360683231736,11.674920233309559,6.756140123215493,27.82045085603177,36.55580281755928
138.6175178805829,11.79457755580629,332.07014005665394,247.90812556186032,9.800618506482728,23.150166805003153,73.01973221366015,17.064038371089733
180.10628882047942,3.7494599708462064,263.46437906179585,140.21032754566423,10.721027900624327,27.429121017314067,46.691991504564356,21.305372543245472
33.66690468292026,11.832642166826211,458.8182694058695,825.0126374453112,10.247267708036901,15.561905659673304,35.05657244400656,33.62682331747173
108.19449399730625,10.136929203676143,165.7212873656208,938.9403172820836,6.220638661319874,29.539259356289868,72.6925293852045,28.347953101302842
156.3325062042776,6.213359661107159,113.09924943541168,474.5298290448992,2.309571727078334,43.65584144471528,52.49228741657384,37.29910471871038
175.74530321204637,4.01952778203081,355.93229914244705,517.9614184932827,7.794070980947654,10.32047583385698,30.475078108128525,39.94302894354284
226.15056618577617,9.154680290816792,509.5861078202097,298.9395889389983,2.789952084609642,40.89540496810325,23.127979824727937,51.72010093336935
160.2537893164132,11.409853513243563,285.7909175182797,761.6886685049302,9.976077393241562,43.01460526420022,44.55871264100567,47.44957241669594
222.6552144302666,12.102246623572421,423.5646268834992,960.6803313243348,9.496820762249346,25.079969675544582,99.45599939442948,25.146607088421696
198.58236142627123,4.056412643121982,125.13593105301236,793.5736302171134,4.6642367585434314,12.223327290501242,54.43296638979229,12.524672555843956
85.30200149172273,7.44659316336885,422.11519528535183,402.19823850486455,2.231106933021361,17.188698904891,83.36735973967734,11.835091242887692
197.67137812343992,9.604470559526067,523.0203600191555,564.2282518863105,11.860053931644437,24.696484964448064,76.99084236688483,14.437971989393695
73.45426207559743,10.419504375760539,453.1654799773031,575.413068844387,4.036988625357669,19.882537825788738,94.14733189014922,52.15820905723107
165.4079247346161,3.0951701248715526,487.5170519039828,716.3827587430495,11.738052911924115,39.86497375086296,28.19953830268365,44.139238768381055
155.45120020587657,11.960318189710886,513.4132949150605,296.6958256571115,4.834271024087715,39.09832458886028,75.58063260647336,32.65688855533819
154.10845645937582,5.457433517524382,102.48693523245174,259.43700204359465,4.144826907139194,41.268957690702166,43.92707375946391,10.64893934576242
116.84359907988832,8.620745938822017,511.7633135332848,654.7911833333989,11.927814900020184,33.637237556707184,116.46491384263116,32.073089461673185
110.11420751354237,11.091509554957272,440.12004207690774,440.5396078429017,3.153807476656436,17.84190893701865,43.20736776928828,29.23150155143875
146.83038421409543,11.153320353621456,363.00030993118605,599.4962782946614,8.788658242706507,42.89166380694482,47.7786340697562,43.17474632961971
224.76441633200315,8.674871159620483,482.75371469861363,954.4924936376641,6.992897525602763,32.00819010835971,74.72922155495215,35.70056457728218
84.88472248591972,9.747138679933848,518.1893042704673,274.01560309541014,11.112324048998548,19.073821099769475,85.64416030031505,17.969867724939
191.27244132178495,10.931613737385556,449.36236574037804,885.1791391760613,6.838046936762285,10.679471667788516,46.10469077745193,31.25055114809638
50.48631593341405,5.608306739899145,364.70176624862324,871.4841295035113,4.257510172886034,23.99704066813327,24.15128835568038,22.711707853518757
113.35103365848231,9.023460911554427,77.69460812525578,484.9841480789173,11.127959872088484,33.11539777170091,23.404735962060336,18.459742474864214
117.53468156603553,4.347003739950936,209.47514720237763,272.6979632750007,12.092902521466575,16.63954984035482,60.35295520472464,28.582763986092537
139.94948054936756,9.522562456301255,359.4419116376464,262.678828393209,7.63082297725378,40.05848055788406,118.5908300434191,22.114496595973584
222.90335895704084,9.366817318181354,431.6753605278178,434.6235388618236,10.656072114059793,23.89350451023764,85.20606320333479,39.12781349215636
198.06253115014476,8.532414262285917,503.10819376695656,621.1765491937701,2.886109798165392,37.47950196598624,68.80714552737055,49.10742585786664
210.78489804529272,9.751915607671693,384.7216474287907,387.6419320322012,3.9395076260154824,27.69630760557103,99.87416879389144,32.888420297565176
77.51764431931682,5.510970406924509,396.569974960884,842.9052191559044,4.044163146368851,23.632111055329023,79.101143032452,13.270289776394648
201.2131875747765,7.863596372114098,361.25054954809036,335.77813246551216,6.3855866700595225,34.56795423883839,36.85430887052994,9.956831801167437
39.15417997595186,7.807041842003766,479.5274703345512,175.6634427266482,5.437027632106339,13.166649804085504,75.1247250185179,16.393962814759853
175.3955122306079,4.402106383883594,433.3880286099256,250.6305847926787,10.35504349777755,39.65689790781082,59.89996670843867,18.042116488750867
172.23798429018595,7.6469453232243545,321.68212322420914,774.4807205541588,3.116467817205628,30.983054598928746,57.65712964505386,33.39683758498313
130.09374032843056,3.2299495320232205,447.07009422853423,480.4916632498731,9.509189498986903,38.41154073085825,111.30373473191358,34.70599827564863
111.90576850417297,7.09417528419646,411.9161028639367,501.8316868176743,7.195799287164571,12.94334546486068,26.769774747183547,48.70951184416009
185.60953137444852,8.149057800127832,402.18376596325095,450.6458604533233,3.1958487255258707,25.27465451578128,53.90432039104214,30.48854956278606
74.0859729246043,2.4506013486332505,160.2741347897823,771.1263952926173,10.080863572295108,29.657125224409256,109.75744670391451,49.54545509819677
184.6619642414687,11.753417352195829,373.0013118627839,663.928607556631,6.451254427887363,36.77674092305878,47.30677617282574,35.938726000509945
127.3814266054963,4.222895454140177,471.712013031189,316.6072345498987,2.086974969570527,25.941150544257475,107.88987623171838,13.455897106730692
75.48177472341808,7.8563808766625725,408.9236609818877,530.1908023866754,10.459137293280898,37.841828489071034,48.09499784819409,34.19108578391091
182.47079640594916,2.7793023742231893,434.4987917122463,593.4648217316028,10.01434017539535,17.50591840234316,20.566517189883978,19.16123578302865
164.49981561879176,5.113019599992656,161.0286872581973,740.3182184470688,12.162325000609327,15.679737123467142,63.5196163158098,19.233553210606
89.95881455766117,3.371475061804118,229.76129880582585,207.02155864532227,2.831650372409442,37.11234809412735,112.19730349471644,12.715633973329421
200.1165457754587,9.338383609843916,377.0165307241827,648.4626540761701,5.6463443906359405,37.43472077582189,29.54263255128971,29.985948710617055
180.73664976031927,4.255120409752071,252.44287427394426,288.7170165368401,2.3600871149997835,6.374795817976041,27.589399254714568,22.064683760475443
75.0002097086147,5.166038921016154,515.5657876248094,451.16718198702563,2.1840389801657554,41.62973537049366,87.49309317843728,17.397673674188653
66.47545219034797,6.702390839909862,480.35620555247226,605.2212302736627,7.950735937387706,22.473052043597193,19.46048308243529,48.94113984043767
220.78149761690167,6.059033826629476,304.03142001084024,755.7006735995562,7.819413572365755,37.244745686926244,61.619476518749536,23.528746719805802
80.22360977377272,7.368822581272641,340.67738731319315,639.9143016249311,2.8433951804126267,38.09506561690714,62.57019525533979,13.958891033290481
209.5074522693614,6.293724141272702,248.25074433808015,595.6626999100769,8.784102997788287,34.165006160529856,117.74282048316371,40.924273132150674
136.26892628002582,7.829621335375967,472.9350357878618,460.59684615576197,7.091267623081177,38.936155908672404,80.8421182673295,48.827131063662314
146.526141466975,6.341035914677451,112.56963877262179,958.681595464651,10.924229588201044,36.88921901267307,24.641415518353703,15.643492260889822
221.7808229285351,4.750765596192322,125.93451563420304,646.7165884891203,8.721153221915454,39.19202424492608,97.50623016378806,37.463314704615044
54.72733124490796,8.600038146024373,452.17067492243257,368.2584239239584,3.3238086109655836,30.821887617424743,77.38580843529438,34.33542213171131
154.95436410800696,6.2668271383281775,250.4006530211361,333.68597113698513,5.107516230054689,41.720877680131274,59.63845950720804,25.306382893370678
185.8440235438799,11.129171450299953,101.65474164415407,151.34166262134008,10.483791722161687,31.15615710449431,111.9403147036887,21.21763844474536
199.27567931467235,6.861276747824225,408.28449634961504,373.7358623147444,5.97706916893116,21.333200890548515,102.37603775344698,40.812312178263284
181.68885257376527,7.234420956559153,315.34107815957464,351.69946966661325,6.100180867695467,24.53828793601475,28.653459579241506,33.94635440735898
148.7802056615839,9.207458830514451,370.76900402619447,611.4026926270442,7.1604245138038465,37.68321953309251,75.91204121028741,26.93726583070723
195.97543408538073,12.114737105524354,206.7360962352135,916.1827686050859,3.251250217429245,29.127953152701476,70.68183183372744,32.00621436442515
204.48580817410704,9.400309882485093,285.51685629439066,510.43774860961616,6.939073681092599,24.576094793578488,104.6853287447785,28.227318258885788
219.09656469751215,3.870945953971306,197.43139004944277,536.6700974513219,7.91722836763647,23.83500294136912,100.38153987966078,45.1551491384736
117.95906250388003,10.662523917205945,260.435192191808,887.57215193781,11.589820060157182,13.4177083327518,104.10837497278247,46.453271732801475
112.1437681151083,2.363458018784069,199.15436935821623,257.5783244922462,10.14712441541702,7.413047517442319,78.30293623484822,20.460937547706553
128.93465574622692,7.328205829947463,236.96838655111156,385.65751276865626,6.004792859709457,22.14348884219936,76.09994072564993,28.760156089656377
88.85925773269426,2.5321293526835005,371.1249680040954,421.2863318816497,10.561052869774157,43.28265010752937,107.35086228225116,45.09353098299957
176.93086377050747,5.204375806907855,463.5444299114472,581.7254598554844,8.374255786189986,7.898785769189629,45.8858200261733,32.2865075505437
176.19745459649707,8.438134099858141,459.49934536709594,293.036167043353,4.5737185284676665,27.210734156741903,110.39563198960558,22.829726606067133
64.93493482492954,9.23552471022403,318.63125348965747,319.08486353266187,8.742042005766562,16.15632472073794,31.16509934436383,39.79850546000118
206.17742418932914,2.606717799621661,325.98185951699224,919.5017810490513,9.585907366197404,22.071664798220716,22.14872655827615,50.15256005281316
115.98742347115991,1.9645488730307898,337.890748330976,545.8024483509378,7.114370595190226,34.82530848711919,91.1398178760949,19.46531875972496
64.04698700665558,7.753990453406479,262.41488977508584,813.4635064842869,11.990772371912463,30.00820720103793,69.30544327047369,14.094529547938887
215.09751346609573,9.809618150567484,477.32166990149386,427.3842772003137,6.715093223557398,41.50234615230787,117.60216275177132,20.09212613485852
208.6851910528172,8.26699556964911,444.9394468609,574.5429284522664,3.708947528167856,24.90709106429887,100.98594872544767,45.81632689992546
144.95632519739928,8.767792652631883,519.6266560723959,659.9971266635666,3.85603450478602,28.220345420488602,19.8000295494425,21.463879327363973
184.3950149543865,9.96687023551464,521.2206141207838,600.427334950802,10.175906776971413,21.05419452229983,99.71650720376141,22.49492430254774
126.99359180538987,9.778985361185091,91.4684634105877,442.2720255649152,10.829221967212245,9.193072363841479,109.15437652615225,16.05237013373763
179.80161209573185,7.515695596544949,379.6438902956148,851.5391018183551,4.078305170287255,24.791970936438386,57.2419845688006,48.243754034019375
130.71937310351714,10.675973731545087,399.7090598372373,388.60678111130994,7.850609715556782,29.086878823311263,55.32075840114599,45.90602107703858
165.60164537204844,6.158201541726893,135.74544929643605,225.13095061431164,7.5510450132896345,20.137816527681757,81.66511253529289,24.76104046577355
138.2844648810288,12.147072171989883,510.0862764563621,381.82350060330117,8.751075061057557,12.525469272299478,101.7761269392055,39.19552725487101
205.14576170353092,8.748864741276101,388.2104158858405,334.46718826596214,11.83222243865365,10.177626426811628,50.79004533047001,36.446542494685275
43.886109693621414,11.496295036197013,182.61123555228306,634.9717003957323,9.832984750534514,16.099233211930247,115.1932850064347,21.376097101634485
34.30953750858781,2.196390129357039,304.6122687703234,701.1658223321783,6.56757215447392,37.03459641821924,32.16601626116366,43.40519850750503
189.31682695108051,8.970591150190785,200.78818341671195,520.2307569574879,4.626588215296455,33.44069406268298,83.6499364140284,7.830750962341275
64.72185349238467,8.398918692039048,127.43196395143352,903.6457999033416,8.645298314238513,40.31064476966941,75.73770473712534,47.28857932632037
170.37022862626407,10.742773787726879,252.0067686697278,835.0554421859274,4.4135634769917695,9.903082252284763,59.04688879752467,10.666832900700523
36.05442322907476,2.566306929125786,278.08160117504224,570.6767400723315,7.803384091579121,18.0912210324929,82.36332708864241,31.139711408831676
101.00315041759718,5.987814953243588,451.755008042637,751.6631483879435,8.13559921076093,21.870849018715088,73.359175495639,21.132900344654363
190.6241572912433,3.0468266349287534,398.34025680678343,275.4652539580625,1.91866640059515,7.988529317637211,34.79197122725338,45.276266789958974
71.19467486981867,4.329800286666099,449.640380799458,949.245840694178,11.69572953695954,33.23203790677893,27.108768692679963,27.23527099190331
114.92781982072385,3.0650126433118845,218.8767432390972,284.5551086937646,10.408543047105145,20.888765629282425,37.70804989076482,28.169212578316237
126.68191982119919,3.6085301845644357,289.2115265993674,763.6870116115063,3.565313917489992,27.328094137027225,57.11120716027135,24.165926415122737
170.98570614863308,5.9158526355496,274.9633703701086,926.2851537843484,9.957191587747618,10.12144324152871,31.9280169395893,28.96893392370249
135.83346769842007,10.55369904442856,264.54915382587774,398.730006893179,7.236210269799591,27.4929813562229,91.99563534543236,37.9162019632395
178.61956924092271,11.778705644810584,414.13534162896286,486.6739944180301,4.234481702011433,14.062885780669642,108.05350615540273,19.97654000090619
68.0299886427022,9.076679339259996,508.2225109578056,218.08774394445075,10.041752059886232,10.673620205628588,38.8882323698042,23.97449942557544
159.1809162518881,11.54847361756884,86.38809911274973,358.15504189584806,1.8443480077402137,8.89688987375498,41.73840409068244,42.418988592396296
78.64579642306899,7.901311744096134,257.30144077765823,865.9137136840554,6.555380968508103,28.292758246766162,50.515437598724255,29.024117969668396
106.83275181931815,3.8364952647614565,237.05808609403383,533.3502175492218,9.443863996072793,9.488366407441646,95.73393152855809,40.41462621924274
38.84808570821603,11.382597897423079,349.15957517723757,786.4494791972893,3.648365769597369,27.986423284904678,63.881304997217455,8.537927703515777
111.5660283185167,6.5936219749217155,269.2325131250452,821.8440726268715,4.504509905597343,27.587651415478632,119.7630884610534,43.88649246190239
168.89197350025003,2.3940791107253174,335.09320348826947,314.83211488588364,10.904243262925494,32.1308946076837,58.18712364256286,38.835957943688484
220.30529694818023,4.241545882257057,367.52667606538654,732.98274899521,8.992832457574263,6.680020397023268,29.05118080611699,15.165993212784905
208.09396098106393,5.09365474817368,505.79405235532545,241.1157641557287,7.88166855730586,18.91690550288011,44.198287159697855,51.407255971308736
46.63894448492974,10.720015408863945,384.0730945978332,167.0374249411567,2.010451389670564,35.21222627427517,36.41601753715216,43.57856212627471
66.18931649071102,11.640551193380873,292.80880909983557,147.75350895075442,3.552190913776932,21.604419268175214,90.60125488602871,49.211863096946225
79.74655474528456,3.2839511977056928,157.45292484933765,465.30244821299175,2.8717140283651146,14.608378938930484,73.44043734076416,14.529325931663248
223.73168572814447,8.185822466227593,320.81018456870015,899.3684646233347,10.70554027456734,41.031540283994254,101.151083596114,24.85957485934621
35.49689829448684,9.843926686659978,152.7407101651702,757.4749835377163,4.707429987265492,13.353544596113899,53.013873846066346,32.56383148375576
163.08402965922318,9.632560398122518,110.33523038323956,172.98160074327112,10.321724702188614,27.02699501728473,117.22526942383898,40.29948861805802
128.1797070932924,10.37642166092511,349.825047062044,455.96856336187415,8.159626529623697,12.563404077697538,45.559239791029796,21.576662132199385
120.34110020071921,3.130652356054563,485.84342602335084,307.881360793384,2.953609293048312,42.135327043219924,39.71725729488085,52.44285127564733
179.4647306055507,6.116009723394129,173.42328857924056,801.3334464437572,9.158551759682501,38.0450195628934,90.86802537165963,19.337340486324774
166.22737457068052,4.110305238049925,129.49745868353057,587.7058604185149,9.758825682536731,17.07565550925661,115.0261495634204,30.59440871039505
51.7699083940917,8.06184777008652,469.41478472120957,209.83746159822195,6.797521532373896,32.922165510271014,19.246700454212714,31.931978898321567
220.88049262000135,1.8317384479941845,368.97182559068557,383.5227221716623,2.7159751432503603,42.62590628091358,97.81206958854068,36.29069833471095
133.0010350321487,12.039870809319963,219.76838670371237,401.4172292049226,3.5220599290050894,26.328334519116023,114.43817922509457,8.158589510567655
144.7357729621114,5.634355181609672,119.3016603422237,294.55105485297497,7.509203181262627,13.12023011970646,48.893526641646446,19.52204806711081
98.02702945873413,11.593074721296643,348.15708949427005,867.4836930946465,8.12608748724222,42.603654605996184,120.57596257129957,14.186995852817457
157.92206203280318,10.867007778714013,297.8838208060949,144.45500899408273,5.630839478991055,12.842849545976872,45.19902922540806,10.087801502141328
109.55946381571523,10.843486906247653,327.50816351809215,213.16954857356842,9.206461764508187,17.360987419983836,75.3486336092072,24.60919089893954
57.607696084411685,6.975329585484462,270.629084501573,455.53651335256785,11.947996736853908,7.2446192197006045,100.08034707587322,49.00698290971158
108.84240925708183,11.700659782514327,442.77797973720516,806.333322531365,4.165750444573485,9.62468356691261,45.83849040808646,44.472108126893424
38.1269898248646,8.737673579073533,223.52542158558907,597.325099732943,4.932052979370569,19.08672129688822,114.0443581150407,50.26648778356976
161.07394262119865,4.5488783932059835,326.43291560879686,141.10420535888304,2.5323968228389138,25.504047025489452,83.99442668807131,11.696317171157528
95.49167574880772,6.236436175051569,151.97935099317692,506.0807902024204,9.400439475651137,34.72938069328832,49.99653688406103,18.747321910671378
217.4569011958341,11.437641217278122,358.5185518429523,728.8222275207578,5.5188090152436295,39.75122453096767,70.22595617430335,9.527060155238937
178.98653533657395,11.020463613168118,347.25688394671585,718.6925955248403,10.757469256675657,12.117058044198593,97.94420152880392,39.5568656801706
119.75739431298987,8.85603113678459,360.88882901468907,312.19591488181175,10.227924013438345,7.69113505474104,59.952155337042015,44.248862194112334
152.99982321264042,3.512186441822591,288.0832869279417,433.97009546354053,1.8326737575219745,38.54997558010261,56.17096470316251,20.444111226880878
161.34824248925295,10.78491730394562,107.50203667326849,896.9618998624303,11.465859391095732,41.81396876383444,51.81834079971837,38.94164948218079
96.09514429241989,6.088129828996049,495.29150838740253,725.2994992550379,6.601149262688845,23.02461724988054,26.35305485727993,21.965116022312685
216.96530877627632,2.324580612109711,144.8455509312016,540.1296232271487,7.7195772891443,40.6369396211519,64.08945038529599,27.999961505659563
95.92328459717596,10.499924493350198,466.8268744133511,415.2718607187574,9.035021224132127,33.5039971650737,86.71140035549489,49.84510645625206
88.2491156786827,10.539855825964727,385.724183569011,438.6691726174703,11.087512355940323,20.597517426203346,71.33733499823356,31.600489204592975
186.20049256354434,7.145403531308685,171.81560717551508,908.5082230541489,10.863614591967977,29.87106826999923,121.4646207330273,18.958521270398542
113.75339319754949,11.895133855185726,281.8935404824499,785.4557561561091,8.053275244403583,32.2381070243307,28.334115837151415,41.29645436820448
177.24223531256035,10.511633457634892,153.76850885652723,677.7293867228685,5.200231704495237,17.617093897188322,64.14447189232435,17.82179024375749
98.735848960287,5.3780933072404515,497.6953248500444,281.5719244310676,6.188609720849858,29.421194206351508,97.24607625258456,44.59512658325739
193.52333366915744,5.684744523637791,121.22192679558651,447.599445137004,4.801857714181514,26.549040798857288,111.7485792003162,29.844625977064396
213.65551156295126,4.441481459510803,444.34933705928006,692.3336214475255,8.286291822133148,41.94683896958176,83.76423501417156,48.41868329430543
86.7827764248882,11.882569746444153,436.1575575951947,304.80712507315945,3.0823127800308923,39.2579775055392,62.89141660041958,8.36898241078466
59.84957639792549,10.01669498329384,342.9350735649314,841.0307798010592,8.819488260590756,13.73849797238293,56.09524117198549,39.044397238180764
151.28938400293129,2.4019413609972236,96.02326879807491,726.9479772703576,4.423536395380621,42.20015609710173,91.69464383574444,27.371602682110392
72.08748676658827,6.544124059676716,248.87164476363714,160.95883662068718,11.1806736983896,12.760786564380275,51.14675715997823,16.993384941180448
142.3609677499234,9.578997873291616,246.33246051404961,837.5989270310421,11.046879183064757,40.28917274681462,19.90881689461387,18.649319003887236
152.34903083242182,9.866925135898814,365.56844448704953,602.5759896803866,11.524639347671407,10.47036159146069,65.1537557106904,45.996231308778476
49.0369235180595,11.55774296351864,504.0644268392192,437.4156867639283,2.664686128427891,39.43066229623866,114.79244839133565,24.5383225376973
63.318330818801954,8.37092097111077,460.5011767600172,549.4736491983641,6.736563413800441,28.879451076573616,104.00017148520425,34.80557286076361
139.59795578757945,11.003421953775568,218.01612806835303,961.6042199378602,11.071697507572553,8.507429172317273,43.97126719483536,43.290091801719285
218.30502597332512,9.272186548861137,397.26734937160575,890.7377940746438,3.798733644940494,15.45666501507545,25.917539978053767,40.520500735694114
223.56870820718723,1.8933752195306077,406.2447784122723,354.0907790950642,2.000388813636887,36.48328546945411,86.3166978152784,43.42608378594332
83.45029665610488,3.318208094048757,255.11472331930673,180.52262125782926,9.740722082172677,33.31858417992011,120.8600244589041,25.816319718486778
181.24549085166538,6.631898960279904,357.70480928027274,708.9462169185888,10.618144351407045,38.82072544699722,31.00649034347129,18.490690597919194
115.6727997805406,3.2812280994024023,242.4790508835111,913.8177131973873,8.6244642943307,14.168169951015052,113.28863832600592,46.04515096397881
52.35306112761698,4.803227816189418,241.1952083507982,868.544566526757,10.811964715165281,29.20878651250572,116.26977213651783,51.031738322336395
163.54634337890582,3.182936541621846,506.64075814168984,807.5455849483942,10.959129778193905,20.370211986599685,104.28889659871741,45.30699611717233
76.30749586222844,6.572889462843061,308.68284495952355,920.0339916342595,8.421434091732529,35.68029662826153,106.27463090418769,20.969612272369993
203.29796717767732,3.7780391989368733,146.71952944874585,588.5556826164282,4.27471439231592,9.361528665751226,105.4274249115197,13.251073000885077
207.47507287272282,3.3320402059195557,419.4811917772326,712.3489727383459,4.724835700899275,26.800005062323496,53.61053470704996,37.01724332619166
87.69776043780048,8.414216955787804,288.4864592347377,906.5945120093752,9.620350348175997,18.766649182178536,106.48212855388634,48.109496898092296
44.27937853998897,11.943362416481316,330.26007316191124,616.3726052349824,11.634208431778807,32.350575610716916,99.33591172813449,33.127400816094706
112.7750161619592,10.219113909917068,277.1220437934027,406.88171796590495,9.04711839030617,24.308026342224583,121.38578281670316,41.7833733403835
121.10963763441119,7.91791506953358,130.74929402322311,193.71159754573205,8.952825293673454,26.23529341842673,34.06542316568611,26.228223237976447
92.65681887729329,9.596678526506075,329.0091309518157,583.5380645059731,5.160501076341713,18.139291001867605,120.04220971390386,41.55726212476403
61.824821945720025,6.988256330703474,225.3528506409369,264.6691655950466,6.3092384029061765,19.31561991095009,102.8230193429307,26.752746879018495
66.88167828962212,7.7853549481913635,352.78814556274307,788.760705441131,10.062251588523555,31.57055262627593,92.41565490003804,29.568250874842935
190.04179187343175,4.7816660766565535,245.76615555621305,341.08697881481953,2.3214562255964886,23.24029239318771,101.33802807880153,16.494038461540907
191.8547923224951,11.814952834749237,514.4548764052267,520.8391414424743,7.287978997030952,20.962317730496522,114.71152420087108,47.1474472863979
88.51875648148393,8.3037996299263,392.3137635878457,215.25876158298095,8.179758501937018,15.492858925101192,47.432304162268245,36.84899037742838
144.4121869316147,8.496632298395973,323.4535824589808,657.6237310314841,2.6113544252080167,24.705017772175935,55.783026234899495,35.98048895850799
162.45992427149898,10.198745228322554,427.7640403570515,660.9339635947496,9.69135577067957,31.754971267906708,95.9929809852349,48.29936350759204
103.0923078400531,10.602501364131573,375.69893247596923,894.825586954541,5.327916762628092,11.426033183946432,25.33558733227381,21.02539837444966
170.7935646233324,6.932249558690639,278.46081348253676,676.7783264761891,7.443238983189727,37.61653557441123,17.702288446585094,48.58873280180703
216.3880594927574,11.607309745041514,410.7396991435452,922.9251827811952,8.201151260768949,13.050974592054779,96.45642773404225,11.053523342167669
202.33628364718533,2.042839895022894,161.78454471585303,717.667780374768,10.649057151831371,35.37371615411068,68.67002721081289,27.61337704436581
204.514133282386,8.592374349232264,128.18744376911147,637.872251659096,11.38416755576752,32.30070507024005,72.33386311684754,42.78793275579928
175.02722959796415,5.760680838805559,189.07018341686,546.8722219325523,4.140167252771011,9.634892904494158,54.93527385848599,22.332208636292442
53.282148230385374,11.86940026386187,476.30898674456375,653.4642396091475,2.6496642599674995,7.493160300074232,68.00823756206537,9.433329538382022
45.86708022411749,10.477951244935497,518.9341970390924,223.5171491566228,9.087829153786888,10.775660773116005,108.60880396452058,37.273881524583174
227.19672881626983,9.46956806504415,443.66589580732625,567.2321722862241,11.890218542874564,28.725723760257267,120.64882616435783,10.184213517739586
42.37968606030428,9.123720048661838,253.23810460231064,353.0430725219859,6.654044674375295,43.730609460163194,35.161924726392925,47.668542179236326
150.0277218993059,2.164170384226723,240.0479080245235,839.6649163476557,9.172882539455657,32.61885196564363,40.1956402714697,37.02039116734269
123.88042255278118,6.403604344009446,366.86364790208495,672.0630880121995,7.036089262908911,23.7457052152609,88.58646318809562,7.762012110971231
157.2917135591306,10.454645574171314,201.20575718679635,739.3964753116521,10.427490186638558,38.23814558495029,107.56578720361489,10.808462522377761
103.06376512334869,2.310559024323703,132.28025114066583,283.9774190706104,7.6045794449133775,14.293894810351173,50.26889544095522,27.669652676114115
47.15405893881469,11.251325004699599,154.31720515172267,143.0367324002337,3.98501878235789,33.992718462651546,94.19458752213863,42.30315543306028
149.88261138698002,5.898001052910574,116.27463947096729,477.4138525619388,6.057673203694079,33.75747893125619,36.335583973326294,44.041802094180206
124.53656722402448,3.4803653984008687,313.1983523157319,820.1617780339566,5.175505550183857,19.486975442950417,86.13343132138019,12.002498316229865
176.54881648690673,7.204064788760785,391.53966166081926,711.6995579390878,8.43146304162078,37.59740928573836,94.52955390115282,25.097324091563806
214.4136231428385,9.013408830381504,472.7418098777919,369.16970052777697,10.987702027419118,25.041006658504763,110.69486429203727,29.28864336863127
113.21403409302401,2.5236577437217846,438.5481355843523,328.87610552327925,9.20480969426744,32.67464016077177,67.5072579581708,50.51679028702364
104.10736421772648,1.9975065307130389,320.29648709143737,155.88381838073167,7.217496449783227,42.40716004755956,93.39341989225841,40.16044481039852
33.753042342306536,2.1702895417954355,227.54584183555738,365.68924538020065,9.316135020896311,29.765780923361007,39.96679637919466,42.11848308281231
217.23885846065124,7.271149489741427,156.30184344740422,428.1816994373751,2.342594190424481,20.2645312458686,29.887666390033502,42.51573380737545
58.710241010997976,8.32877239013519,507.6440144491822,682.7840403553292,11.763300146020512,26.790003904611737,65.50650975231038,32.999235173202635
74.36234952003201,6.031647452802232,140.28438799828183,858.2150193124869,4.631393357130797,18.295342530001207,71.19894611299145,19.053455069811545
188.1987484636072,12.002136330164877,464.63958757176607,568.7120917910377,5.549405892728536,14.454507877242566,95.18976959721991,33.55327918522458
102.01554228421419,2.8092325607799196,481.11476335384134,823.7452777463005,11.256014357958398,30.5987722231068,21.584484850860655,22.99520125866058
148.33181567681103,3.466737374680865,194.97922741762545,809.9489701819941,3.028839683625053,9.457160526591927,68.13874204015559,39.411976047851745
97.97347644455779,4.28344585785082,417.284481402678,933.567950282674,1.950634206942277,43.33087185882956,69.93047926385837,37.95921935831183
210.06543629315757,5.307734360698618,192.72539860910103,609.0486091396222,7.707504277105833,40.93571906269112,113.88162148402911,22.615256726705358
107.4136860080139,11.340251100991546,191.18913629865796,145.91738177011894,1.7630086201138118,16.951046223053346,103.32641327971191,50.78425757066627
160.4539250882156,5.835527939710979,341.8100842088901,833.4266915774976,4.014455104582799,28.590748945457705,62.398697436674986,26.3608926559806
169.60684712781978,10.806790462439345,103.28482266327575,355.7008708002852,7.899553077034903,19.58432577836067,103.47877724883384,8.277991440239148
97.23723901470824,5.71157291835544,228.0658256589124,347.51334070285236,6.361385652996748,16.00167935269903,41.04025726237042,43.06240168209964
62.19655876223537,10.700289188813235,141.96971729868991,735.7890987259782,2.9812826606359253,13.459327925783843,87.25546523817587,27.410099091495614
49.30885249457037,4.599573753969443,294.1620401849556,830.3381918013263,11.513359394330454,20.113958363521412,100.65635751418145,11.181064386378171
124.71093851335681,10.297065328430087,378.35859422325444,461.85437146712195,11.324527196163265,20.487536712103378,71.78356870656881,12.602924933060617
37.399699188997914,5.142524222788997,267.1588759156002,557.6707664255109,3.4649492454617987,42.72916050873616,101.92252432393722,17.237048717755478
131.2848083399624,4.866422420178679,499.763314114215,211.38138107284868,3.8081628398416365,30.668820844176825,53.82062712895355,33.83131892754659
197.1979836160804,3.541365179249841,214.48102289084537,558.6778858523376,5.9521926355098325,14.042938373682148,32.304533781513925,35.21412851254405
192.9555458357211,9.446829867311926,272.57851180073084,873.1149355601268,11.281016793167263,11.643366901075531,105.24561636364128,38.58106539955457
52.90251678990873,1.8055515442832537,421.06358723934267,953.2896342459608,3.9147789964437867,42.38373196343206,35.67517620982775,18.22672383379672
80.82697931759172,1.7912715575904827,333.55695734977473,205.4398318942604,8.453483902797956,22.690719170376976,62.6713574795717,43.674782274921824
109.73636228280336,9.55849435428765,212.69740392454088,344.3276948311109,6.752841480284655,8.704771210551545,40.09926961224771,32.471513882426294
161.6814823623494,7.05706014754476,145.44680625392272,778.1061163343351,5.122604930165378,16.98258238242603,79.65945405802711,49.477551779879654
171.6553355905287,5.6450583051452625,491.207611170396,507.4773774484738,6.088109288755558,34.81704538445909,112.84729493435566,38.66408104798134
173.61524366861934,7.533235026512952,142.50264065202242,349.1662292778866,7.132077767991828,14.961186160268404,84.45677678147817,28.73024267654524
194.39350648079602,3.073683122746306,294.91430906181824,781.2985358443244,7.403359838676938,6.299676148008359,60.80945096708666,14.866105509020063
134.27976774550496,6.167541034964239,222.66429627054794,620.4017078991862,5.693055172627007,34.94576824556893,42.78271190676956,41.46626913594931
40.57040839146065,11.469815919912126,300.6694422933466,734.1069863991079,3.512644579267725,42.08326747419097,95.2782689974723,48.45275519519074
91.49631129183359,8.919064516221503,372.50491300772694,714.4199291234225,9.647108919278246,19.191368312676886,89.9287474107965,18.340198628745554
70.11785476727763,4.930693284980305,328.4149546895589,791.4671457943165,6.666796789716802,24.17946749315318,109.58594209965469,46.30627722149221
173.7958840616315,5.766708522904523,298.4578601573097,196.52006011424717,7.66448544376282,18.827938469053315,60.643906600235226,15.2528460663134
203.76850867744324,9.16875678793508,290.8334066612276,452.8638544225744,12.2458932704851,36.053736591912646,113.22178527285573,36.69537842507059
193.6835594452521,6.602299306978727,183.90294383279814,836.3923755706112,4.307614962044305,30.874021375091434,21.08027049820404,32.168916924361014
33.11623585562095,2.686889882438016,447.90024106124775,515.8044974042067,2.6051133462147367,8.87437551621503,29.27815582617,13.61617180562385
109.26212818098584,7.408409457463953,94.49354774141298,290.1705563361511,4.09963598704446,17.91927998244698,119.14455465994402,42.154278526360315
194.88177633920694,7.558725176957307,235.1171302836752,233.7340013391464,2.804564326470987,25.803303930495208,19.114476409841586,30.216123266465885
188.63568160081368,6.507484624900606,162.5111543612327,361.5543444124006,5.889253109876331,40.564474460270176,34.62037938878663,24.07464324318285
96.64252027342172,4.47577573633324,475.08699004655466,861.6705985340828,6.781922622371919,12.007747948446372,106.09396464643234,38.07199301893759
77.21137668398609,11.173771250158541,271.68419227848,922.4752590185632,2.439267793721992,8.181405455162498,112.52469190962424,10.297093030429311
140.8231303423486,11.237200530915896,88.38675693213933,624.5397131262013,10.49822291514809,18.974285958676013,122.33658211028002,17.719212501678776
211.6374518068718,8.480484019145775,158.74546520060386,430.0035303823408,5.004222947236637,43.224830729608286,54.62908094835193,16.839579134568176
104.8786774624518,1.9464315083784325,111.38202800496364,249.56694080810541,4.349706853689227,34.634484515056236,49.69180800938885,18.205505385154407
159.40185072809953,4.982602168401192,185.86421910731275,153.07141321063602,10.584716627819095,31.352964426122362,67.25649485425197,8.822867480667247
100.63939594164172,10.613139665248047,481.8193793402687,409.6529476754263,5.8672654031083065,24.98483334721037,92.10258901644896,27.12895425818711
187.00422321900166,6.730205047464855,380.2323278464685,680.9975452866228,4.8812625870133655,18.20320260321959,115.60522133710276,52.05796684947427
100.07020069737,7.61781158093571,353.9788236055634,515.2704281899746,8.549481590284415,40.784288127066525,76.40359803821725,31.325843824368427
198.8061635637387,9.721893110703927,195.79336365856824,264.42746932976,5.912162996437118,25.447687544979292,18.56060817477375,31.81937964645031
115.52687176806933,3.8711722078709414,183.84152769600223,562.639869368478,9.709605538697659,39.4774218262845,32.627646462981346,17.89025153777699
162.2035970578468,7.3091057792055345,490.0847289083679,955.9145646299614,11.303125974400686,24.05014717404707,59.39416305450365,10.557895899121622
218.90650448640272,7.221733257398589,220.73816570464604,499.5105522252603,3.3437069128477255,36.1364659721754,109.3151724449669,32.86379161185636
117.17027829725963,2.6631787579322155,303.28915884168026,883.1535379639978,3.8965881603718615,22.750109874480188,64.54196405406299,26.476193402157016
168.00946841132387,11.061893395815385,261.40189671975173,155.4604319770284,8.108384331419533,31.142434532575496,61.87217195140062,30.887469291425525
107.1534406267177,2.747909227666553,222.22372363961392,370.4591898701585,5.363007572885444,10.921468330015912,101.60024714430779,17.18575908061094
93.96408040879832,9.292397500424116,100.48666263378625,826.2086511183489,2.7219862180802883,30.11932786240821,18.842800627306687,13.146954053147622
178.28666619739596,5.4692829465248165,88.84483784038026,553.0285913810011,9.533097005073389,39.16152446465153,121.8984485878937,11.222306482317087
216.12816472997739,8.980082387053788,354.3961538620515,544.3534984578625,2.7530267589193262,37.320848742137684,74.95173171384472,29.459860160391557
38.61137589739515,6.657899600631692,432.6804363202773,912.7480437351861,5.488218382964552,27.299321694542652,57.96916992814101,20.665165995268918
71.75019918205577,3.9673540455605454,426.5976980014347,581.0638361843402,3.2268503808787488,30.236612735792647,24.36186322405429,17.633100666297317
41.06012152139748,2.1170825833699993,172.8915312617317,426.0973453114716,7.256501256761338,21.15943576357828,78.06269000346948,35.3353855510489
135.21963808663898,7.159001940283815,310.196259920281,173.99341397052106,8.973974388520723,30.758646305306947,89.55889519174593,30.280086394550406
151.7747854925335,10.434744418273826,458.3319275655171,291.18960498339834,9.786090626880089,12.631647817739893,81.23489222243305,29.15108272333593
196.659386453566,10.030447880435288,147.844619682617,254.78663489779893,9.066519100510474,17.205988522567928,105.67699066853679,37.77180138037795
203.51170030526342,7.33804657489214,282.93662139343604,236.39319358780745,6.413588704641595,12.423007752680304,119.44843179827765,44.7224897340771
141.59435000565531,3.595832429741924,473.7134179099947,644.8340179342235,7.768572075407646,16.377696091089703,87.89109302044574,10.43028106289985
123.51703774410166,9.889598136515103,301.282559697136,665.606136717746,3.632475730889657,19.937532230238943,51.32954119364968,23.29880310562292
201.8219628155362,9.828652707993298,386.93158072588886,403.6805243391482,8.697144524477567,36.579608654970265,18.538224594000766,15.971097100984188
72.50873651377424,7.030743941711706,429.85011427270683,798.0798308578645,4.381060113911307,12.366776943440737,70.57603197586414,31.749616269691536
153.47662394383133,4.096886092179508,131.0334723759772,325.28577370873666,6.306609989690082,35.14740914040023,79.7257230642671,13.783080354545891
79.0884636610135,10.099274442543553,203.41050044673827,579.263536872082,6.6942287805255924,21.66143155022428,29.952024005303088,20.758362914599015
222.38042293219806,6.770129823564041,84.54153385619001,668.2874886317783,5.746214818847849,39.95010585743943,69.55799588221174,22.929944835476284
172.93354709314985,8.215692037743267,189.4504321874938,442.7860748617758,6.88131743601403,15.339640606916749,94.81728932931003,14.294444843128824
83.60186712890922,11.185416259082546,516.7960508669387,340.30264806410355,11.231911307112311,28.123702501085333,87.75235783082788,41.147645818133256
85.77652636047894,11.265895706325848,343.81197846314495,251.705666190411,8.00667073285465,35.10050769261244,42.219835897787654,42.47900397923034
56.02911391737201,2.2348488611617907,350.7263186242521,237.5379513177429,1.7864383347563073,13.28719237695623,121.11324197391279,24.24901822813536
42.80299570570111,12.244129246590685,462.61526222099207,512.1520014209689,8.50311930263874,17.490606383736527,33.67837949193405,37.18786538872246
99.73822712957674,6.804783335702892,365.80138777809105,936.2345180515889,3.202419018147577,9.977834642827593,20.907829350881098,17.564885937793388
43.45378188931373,2.6467034046210784,83.52143051211665,769.4658025386146,6.625136419528708,34.50156235650231,85.0993797088629,19.897828138253928
125.71139090874505,2.735230808226313,409.95208596860357,895.7837806134999,10.160546135190085,8.204250674900235,92.9998549830363,51.91194522164869
79.65038506471706,5.41132780346195,416.1372881215156,910.738476454868,10.396302882796634,25.308233443109362,55.26124266176247,35.46817908451372
78.21494143875246,5.436783794183537,109.50449364325947,736.5332628003348,9.010771255627855,14.935942203279316,37.14669396398603,31.48308678563785
128.60617080682707,5.879009407242881,395.5356619351327,169.32930005986066,2.9097442020614013,20.292471344621774,22.108156440099584,23.676296118089443
61.73905106070172,11.997569118399895,124.17016616125844,379.8048997833937,9.669102089769792,9.276667379516281,117.44091815586694,30.799209914847527
119.40243740697363,10.387559269018091,297.00666110461594,345.5671588052578,4.78207368077433,34.01089730152569,96.98140648882219,8.750148742661754
225.20209303355247,4.080082955197983,257.83382307560396,585.007302821513,2.2732816234081255,16.46463639764312,51.58683754534164,45.43091207167687
68.57832242232891,3.39112342099473,381.9221517050431,238.85024549397951,7.389452712306058,6.458156292652766,58.57635044534258,11.357340841141683
172.01473082033306,7.982044030576584,194.51352950547164,482.0897522693447,6.859722095103467,6.569639471463665,66.7817264131506,42.609131164245696
81.13237318614969,2.7082906039004286,322.5018513186558,891.9705009398841,2.9957963910351215,11.083677622469814,45.324654569383135,34.95916374757381
184.11672832243775,9.096154816782711,302.1095217802654,615.9952760753495,11.958773827949665,29.58637535297944,59.252679476429975,47.77934402521807
208.95840731540633,2.9266023970464365,108.7451249682411,629.7861819916786,10.68493769845823,22.575844742973707,18.168498989574825,29.788666015661065
217.8186099424388,7.652640751901721,215.2367779696846,760.187640286498,8.33961861624881,29.92962023006001,22.610226484431045,28.033769439838057
67.39130025312855,1.856463611370952,225.15470277847155,395.1014752369808,7.062339732522075,10.252126923842404,24.574139035046954,39.492496204032534
94.76267602717758,6.256452148565443,299.7524454965494,198.02232653641326,2.768533494999118,40.43385599845921,38.55180361173139,9.668492640103434
166.89735091377602,8.902661657419088,393.82247786028586,375.50171755159437,10.363511513232696,9.79299299889416,104.95236739638355,22.674188953699797
94.92750360097756,5.360028202676455,104.44816824088726,651.6876315322369,8.23234195839586,14.401892789657513,90.36238404479194,14.056958463307756
141.72533144929207,5.266819673804887,193.12188527808928,203.86821025186484,6.82689261819765,8.404747343606534,77.90143395426418,23.856387507841756
105.80645055415054,5.048429030155104,187.69314737255854,705.7399892409236,3.746505694737885,28.447649303334156,66.41930201927464,9.064046239718635
129.6692041274655,6.899400117434073,199.69241515880748,188.4135089517248,9.915852921722255,35.29242412488901,39.4917126946822,31.70944144169734
183.15484036096458,9.100169534991174,167.41096899945063,864.7191947539322,3.447415770189913,35.507028286003205,27.312180021630105,13.049664147881952
167.34937744804088,6.1973110050276965,179.4477465893205,390.2050749849071,1.8649233621348216,23.369727656671735,33.584290006474944,14.773372359099824
41.23977405957104,12.204127588174496,176.75402034101216,267.20271847616726,2.5807688728909333,33.55921466474366,20.25986380491109,8.910272764856256
50.12077129277141,2.988956748741967,470.8057536181351,636.8372570752617,6.048981569337929,22.612727073137073,43.01914000108612,15.50904746619784
118.87222062910081,5.538656083430115,82.07354752586893,320.79943798127806,1.97421171062632,40.1000585883892,28.47305990210573,29.5339223790496
158.69189048859772,10.318405265883433,233.9439968247077,232.3185793296543,11.998347255542058,33.05604930600415,84.27972123641376,26.62674808961059
106.38657897761844,6.311929327511297,155.48594520873618,268.28010285285154,7.926571141380817,12.917779316931354,42.336062007421255,34.26301916065538
147.5183889694341,8.65034314622093,171.16078483163926,229.02076473555974,11.413414401671407,19.3896711828625,80.1284440271269,44.55139393462339
120.7510327250888,4.6892008023081075,488.7559353294978,670.0821671356828,4.558869193670514,15.32288192319409,95.54101546257606,50.66311996279263
199.67791954267287,3.726175149580887,439.1216347785882,218.61112827368703,7.49224175482074,24.16076149074221,63.17729925077612,50.036641553192474
192.05379494134985,3.9365530334233756,345.28778140975385,690.4534519392203,9.237455555154122,36.24111035424201,65.80448411178344,20.850871058965538
102.46299132848897,10.584736938690858,122.87819555549113,768.2443722169245,4.202226436174805,11.19470829923052,30.757201967588422,35.798585557851354
34.73898736811814,9.429011348155452,226.57680573534438,412.9712544930719,8.246160627650346,38.33149308978558,20.820319017783778,38.420228691740164
114.48767860682989,2.0912606334615487,185.0581403183642,470.3839099484552,8.926726694773695,28.35915848737128,21.38157531058099,30.975535506172967
210.5700107078052,2.082076040611305,177.905332728961,888.282102173644,8.017288284767222,17.982836372245423,106.99066319511283,15.758661802598661
93.00984044139153,3.411704353865027,502.06406794978085,362.5616579900976,4.1099207839432585,20.538283767600717,98.6577009381955,25.690679028345254
105.08005365963093,7.712440578740312,524.2521845612564,157.72470666548264,3.7729937825451496,37.969936407007495,24.903161307447306,16.612099882501745
