cmax,cmax,cmax,cmax
304.6724334015079,196.0928455829092,288.61710338055036,108.0423517909001
171.39490860581273,51.2227222019799,61.65861768957792,147.98279045589965
442.86178268849966,151.8614853253291,49.029722371157106,163.47025290233313
583.949853493475,61.49382391322758,103.33204117285771,46.04485302823077
261.7973486953582,118.44463428193,187.5670879107431,62.143091213529196
449.4108801751906,48.214803378011695,140.4853339995106,73.36041833140104
354.39797403354214,165.9167245310431,109.343137656363,95.43782541093948
437.555331806452,31.253836735547797,246.7053300344739,44.121808879982964
115.91357555077735,195.75947774937595,367.3013808880473,139.35640477951424
262.0239447011047,40.59108278777026,272.53225568683547,84.37737672884525
150.67006094933856,113.05255897767432,53.67862132041482,154.424236274792
234.06965021079895,143.55808487321403,147.07488541717896,96.30878044701605
409.68001893528833,56.48362352205254,368.63252965655977,134.390004793529
649.2441160242229,185.90516641546913,243.4571444896298,156.29852596380323
130.21032277291366,58.512229966692026,57.32888489017524,67.2344055669074
313.2947763913359,72.25079095950721,321.1982533913727,71.92586494279692
247.58182616738446,121.7148681121759,89.557552027391,138.4306887319136
121.7071019982082,202.68678408872495,302.1727152357626,48.33081392440788
79.60620085634291,171.43748722851046,280.1516385281203,127.50343552430714
546.6405143604854,36.28401325892891,162.82084545578107,35.96179721935178
602.6500452226353,136.40788093977505,153.536636550509,28.151798202599934
265.9081620584261,82.06428800301975,287.8129560656033,113.84997810445977
617.3544581610972,108.86679985732619,82.37407445033949,125.15010901658395
540.2454698843616,125.10203473931075,301.7424506595086,92.386302336031
395.05603229068424,100.72315664631351,50.6579224610977,34.770735137880614
95.4070731459235,138.79813005319676,147.96563245609838,94.59222685017592
629.768317679413,68.23003826947766,180.30543847176958,131.46645545917758
215.78356561639583,36.81908387096851,139.6793572540671,42.73289359946406
643.2662525354765,170.09928138899772,255.4140522094104,148.7717590297965
566.4025186880731,56.79636226955189,342.691956540833,99.18642533466468
568.7006916093553,186.13557280853865,149.19402984768675,35.09329783803472
215.25721508159072,100.64418284212563,317.58706439669675,147.169766917613
80.47837437804526,115.8908986254461,182.67234449714493,51.82326330335213
149.3448163752046,84.33050004988431,359.64898977435297,66.91678452278639
392.65165684831504,150.9402569797938,164.55992695422935,163.74977728725065
663.2404506576493,68.68395457176571,209.55989604073253,63.583714105684486
249.96410902207032,29.510504769083276,247.38544810693264,93.71259968672791
107.63542017617777,73.58104592454409,347.98169797944877,54.42916085576101
164.61045737899457,112.00909899694702,374.04315397627056,54.80142309856757
486.17762180819165,161.62261883424355,122.12851505449278,127.38536603043572
300.5513081336086,138.0499026672187,255.45647088841838,98.65378825834027
131.3064870150498,175.05433167373457,150.1291255630014,46.509773912681844
101.10722616535648,130.50071336414106,270.2863930423841,21.139090270332595
388.5667738221453,64.07445393095762,259.37760936868847,44.695465807785865
497.64518762858347,93.28465712827376,357.5677947894947,39.19442778505157
284.2565870959244,43.47153430757084,353.5142044344567,149.6494595126793
233.55833328445945,143.09538732244997,317.32014533046595,101.55411285867685
399.2752077563832,66.87380580756738,73.45231513581939,152.6170105634024
625.4084565833625,138.19493810898248,156.27524027962235,70.79958129664391
519.0028340395364,186.32131987023308,340.8489113992585,135.09809418044892
467.81707677256185,38.12429621565465,96.53037807107917,152.81683850718383
446.1028515212329,24.462890902850656,76.27073834613245,117.72346678177523
79.3253189231628,52.1001847414373,226.8990307277784,121.96261116642937
473.8732058949776,63.66858966064554,281.9439322581391,54.08385889469558
274.7014040796561,158.8648849534962,260.879677904988,145.45174379643305
477.3201697167286,126.3837954790185,73.6449524247016,73.56256478655288
237.98670095794026,67.26342554865585,369.78630808531653,77.35209059646681
620.3026286725803,137.83713198144707,309.7726379765941,93.7063395111464
428.0952749831641,112.5678082527921,107.85094153739617,126.52476487527225
247.48293161556728,27.218930318240503,259.47847637016946,45.105182924099935
649.8294077607741,196.6787776126634,350.2039321067393,73.92728981086222
85.66531001340498,192.01030702330235,186.30050777945328,162.98427582759285
663.9556763420258,178.28214795212125,141.26135359769683,76.1576896351877
595.3514519108369,80.55832575659488,99.17881488808331,101.79306048175609
647.2044888109986,149.66619685078564,234.08163324873905,33.17099353334493
451.33472565399296,203.26408335579248,89.27458748230916,96.04924164652658
611.3531856162094,157.82167333852516,276.8371986362082,123.54353394019407
295.4939802316943,76.30545154090721,314.672714763319,139.6126108635549
605.0706960423988,189.2617241745496,214.30641566646196,93.53900409035354
563.1231172638645,141.26881227181548,278.5046347017259,137.4745238122707
619.0576807337045,84.39976790968345,168.5855578946651,32.69404601314529
428.93466177384533,29.338299449334073,198.90069338809408,99.67947321784246
251.0014110985551,130.48983377039846,52.36913532608916,24.238616010867048
577.9471113851173,88.4458010436426,84.88855228595432,96.63354403247743
545.8617905012238,62.12854539361255,251.87340568655205,31.404917246838778
107.75921271391317,119.6474255746067,224.17157384030486,113.83093190011117
519.0855707256019,200.67523090597558,215.97614626354155,66.87998813450118
561.2269296599162,72.15658661500694,189.93342880514192,30.376077123555728
91.69979573574548,198.26832399369522,323.63740892063555,122.5716079103954
325.6610165204845,54.3763169229633,94.78193494347082,56.02383734299916
411.21477705169684,153.0506312326812,264.43756646782685,60.45670920923171
658.6161359063678,157.29818859089596,228.79181431696486,109.99255004192526
332.1547559249934,67.94543861013176,161.98123994213745,131.8090952113373
85.01690210417293,43.94532989614531,57.59000712002774,24.74334227131836
597.9886313719132,151.05672267460807,201.7888418290279,33.269183325888015
376.0776203107106,109.09591127877361,100.42796771022273,83.43665942490865
319.28859226378427,135.05017364905916,255.98317223535733,25.42642162982253
304.7166490002137,136.87487154274282,211.54276434730875,146.53662330584976
477.97931893347385,52.487803509946644,65.86334235592075,114.57584680857518
92.40763239813438,129.56786525217768,358.74660451344636,104.58093036866956
312.98533244251115,140.0518911800874,196.42701258329316,100.1232164762795
650.4431099082551,93.16932017551247,365.8055896959118,153.8315503199246
195.6523849884216,35.43028137926774,76.03716850887963,21.383046297521815
133.83954225860532,147.29221923083816,66.07211168267187,66.28564755654058
591.532611576685,27.028613104123636,316.3927525427125,60.743496640753
148.30764728185028,149.7951436708758,253.91171388231666,149.66926569817082
524.5623483025448,169.25355238257123,137.08047814546114,45.154282438608284
534.0425464129584,169.86492096191915,375.6781083070886,80.26642324565822
303.1342307249527,164.31930993567755,156.87260081217352,157.62477310723045
599.7891757591426,100.9880268548802,294.9745128728604,131.3159213803435
139.1340787514347,187.31346441812866,212.25542592534524,142.05278389205125
271.4383486220021,186.03201860087552,173.17205155031291,20.280587664177865
628.4359799030178,39.42707618550727,149.63526440195255,160.506959812682
656.0190753000395,127.31881702131302,254.8864738125871,85.6155274504162
255.06919000214458,82.69888306920409,268.58704064927645,130.99218710475452
559.0269071904311,166.72649343197986,72.81355929216366,92.4795714118664
111.34365300102777,122.96042469134657,190.7952720616758,151.19693054534395
290.2633432147941,44.126595500502575,90.25382704653043,132.35620894387688
453.29303364263075,41.22008859371227,70.42266897535464,123.31735123447045
120.61681156821635,172.6038989057518,279.94448047370383,30.80791289895956
127.98124626558777,202.64169297736862,168.14365171480392,73.99946851340647
571.9694283183858,195.46107498853365,374.1612317766324,131.14203311317664
305.721146165239,38.00776711798973,303.82365264837927,102.03238679261844
334.9737082599992,188.00643904476573,79.54622529173282,92.21154764284546
83.1628835944368,108.21888665562125,61.059038702297734,36.40206210197172
147.91817309851143,141.1314326832897,293.3491565140747,105.75959376919884
663.072881183878,91.12181903494061,138.3189855642405,148.34454219947764
212.6106360394511,198.3729816688455,46.190673316763224,163.46562079599136
102.56171154537456,185.2335638721181,219.8156769691805,166.91236049859606
121.2471848498343,123.74890579328026,368.5375270971054,96.76113360634584
460.11213146562994,149.6149534987277,195.17694961741518,112.35706705179497
432.61493783277183,187.05918764475024,57.40267016575598,60.610382800593484
655.8997393793852,185.07327011841102,195.5526893144001,111.24844110944036
245.41463147487178,57.0791137168862,198.26094457493718,71.41808025328103
432.2134977679908,36.956663701312515,370.25249465538695,165.90397928120484
502.0511326938763,120.5118003065214,146.33954317849083,140.16227819296324
493.8597670839491,52.42992840935115,348.87796600968085,141.46749381163937
655.5267387891986,155.07835881583782,248.68233548151434,81.10629049004122
645.1147740548588,180.66185146797216,57.325982262485184,22.59911859708598
305.8454335979609,170.54278606727956,374.59064637455236,41.11979516246687
438.6020195648175,92.21926029990941,368.743589107487,144.39104245838482
587.5397982189809,108.22481435227975,181.79958283452328,59.48225297086356
110.62197376969849,180.41730591521588,315.8648612388775,167.92056636696083
684.0928519066467,124.03645520133765,301.07570851982257,159.71623057809182
594.4431308366075,67.87564168584638,193.83086985394144,37.946049887380966
658.1195180036491,133.2864254320703,119.09928084210692,118.94756642304691
453.23825015717944,88.0761292232258,80.34105947652944,118.92853231857563
393.5769322807199,163.57290758413507,217.27717293335942,145.89338717989648
412.8494308553444,125.04019694657336,337.3353617633437,78.90259423979377
157.97489923770684,28.03317053603155,296.4112730749367,111.27486030900141
505.66058840997937,61.60776494318576,88.02428408152582,20.834045600062037
290.0636272646667,130.32293308503674,174.19665502183457,83.97761475328764
627.6898931185515,86.2701282889735,215.19789867138573,135.66207071747593
318.0919862441861,136.18704898864132,332.5228332410722,160.4261371392787
165.93920362179614,191.69477301635175,207.8314772927007,57.21846136914805
356.26780627868044,201.43729692757955,208.00047303352625,67.74520326223671
462.5531064684362,66.56269514283369,67.64644311436386,37.90429163237408
154.3341337534249,50.47681972513128,88.85130996633114,114.34524767247052
187.16795418170693,85.79832615388082,344.11633122114904,89.42508885022039
483.3855894568904,54.19868383720717,106.85610839845125,24.764216520749397
179.2727101375932,73.57081481483056,101.71062700661895,31.90582966273893
149.81475111869148,106.7820933691444,111.58606075611132,73.04808497712276
383.27536043483616,148.63899389155407,55.3367900722385,138.01465152297328
459.1983408748575,37.690273972587725,336.2997752099138,156.14895188029647
113.49003351759272,73.25860698493159,313.60853668354144,130.37784083735625
188.77867582250667,60.948813119932424,166.86433373293173,91.00189969266941
453.3154221965704,90.035923551751,197.86903924599756,130.26007997374347
98.61152889680113,68.80329098861456,282.33808582923564,152.31707837874262
388.3132870865551,119.78575763914468,78.19053336280035,85.46127718577598
401.0846081391919,66.98650031531704,132.77262976152977,74.99112279373412
88.47977004408855,81.49842877206333,113.30844301215755,67.55794228365002
149.2818524325529,185.12130317571115,242.00646274992383,120.05263192248128
557.5583727986273,113.64779116164225,71.37018911252005,98.85263487733567
434.15605161622614,158.6731275984851,187.4709469501684,37.71028810692428
249.31481023580758,88.97292320938774,259.62832440677397,103.87983558974832
293.4237004207114,202.6190288126129,246.10922119288992,54.08053013329085
138.31595337226847,50.65117099326794,124.93057397426385,42.65228433556552
190.02654602479015,74.75658556346812,100.48580112152516,152.54977571051148
125.17325905898825,118.39996536292851,180.31012102405194,165.33184189295514
144.57140960169704,95.3117771464929,368.5940714118932,147.88290565815083
574.5752532509143,69.79967124130704,99.64856719789213,118.49108638404492
643.0700682636864,124.27911844931248,234.60415156258185,60.46345708743295
545.5564594989262,56.88271154932974,151.10550406491404,82.18026684992554
385.8327613677309,66.97542227970891,80.77187744630616,109.82821475257596
252.27568803823627,128.74074619344128,94.08334614891518,90.49683455564796
401.0676320790691,32.23330794703688,155.45837978597726,38.730661489670304
114.89099369696874,203.24701770565827,150.6591407750813,139.5769357577897
231.54505061956826,147.01804450203883,298.1256789436558,107.59150348841132
363.8552985381171,97.86117173787338,159.58862694469252,157.44140539304271
582.8378530401044,198.70190198352992,83.95793600492647,127.78117974384728
648.5375494193847,55.8234774774118,64.49181878551664,129.3119806199635
426.6127332939384,176.24401283525145,89.16963430983128,137.39608782443318
199.21190843285734,52.61932921563668,97.41849111493417,140.2786876322112
481.94589586143474,118.13637925016809,162.94368727948955,149.62873476942178
315.5927904127562,171.64493619265284,189.9884879970586,74.94040048958024
358.42933050897835,77.72477333454518,293.8760467277499,93.71877576747465
217.8661071775626,186.77054157235017,171.38360387715412,99.8150715961524
629.1008593233391,136.57921044848945,81.46605059437232,158.97964220699095
459.08103377028914,83.83657272221772,89.00114270967194,137.21063868133183
454.4242214893459,120.0314139747657,343.14107910089393,136.40024050824252
168.74562360226315,79.61042489867904,125.78309882739701,129.7338497091029
96.68985701381499,126.67201213246913,298.8769730472084,149.56380351035648
284.8758840572521,172.4940222706686,79.35569444142672,145.03801522912724
153.9943084781185,95.20817972531711,310.6092166415562,41.04522512718585
216.05999308012952,154.44636747288433,284.5901068018668,114.3859899159566
499.48143500844753,121.72003791441551,126.89780829532906,70.2750029568795
186.9957365361866,188.38855273524877,238.57110055153728,78.50971832764571
358.01826493882197,195.46741182365633,93.7427579936783,106.1867516142033
384.7826866132549,134.24884823734516,48.19642788994032,148.8707926485506
644.7426089833573,125.80494560200708,276.7143024095943,156.39186040565045
507.5871993466209,50.59282038094959,236.1788167580581,109.24519808499336
334.9180007146185,157.03337816377012,356.77199604617414,156.8500823670458
351.20779275728023,43.42860930328017,373.7706142704534,143.91017091704748
152.2707260975498,190.64737688268508,335.0596686544714,96.12514657597042
436.86056787125506,95.5208838283097,60.539848608606476,68.70753727191898
565.9032325103706,23.63072808288476,154.4126467874158,78.10918723858691
403.99894344266147,190.46758960514103,158.73917999512108,70.46270441324668
526.0445440894187,105.22153314883754,117.73937527671909,86.21183155090144
162.14774805852525,54.940081630877145,209.93684101030306,81.20817491499602
634.2080827702362,88.84743470271368,237.62696082293343,113.05970479275202
84.22461488199774,143.74312603806092,102.05598745914978,162.15050866140314
166.90849453337256,98.3685253010785,70.84123811843551,167.49604299545507
382.5298966093492,131.31957725190904,64.68722102540534,130.63176762294432
204.2608754701146,186.49340778199536,111.18392102704259,47.132237812228134
98.53008509517487,108.83982445195743,232.32363726420326,28.472836787845594
549.237048181036,105.41674727095565,218.7006574406887,84.46848764954527
320.66595876047415,124.80364904238351,94.3788795755276,45.82442930423004
601.8463083476001,195.25451847769597,167.81984613358537,59.08475631650129
469.0173086876105,97.2948409924543,50.646885865848645,41.97613721791507
512.9138696151776,142.90214006985133,51.222654735878685,51.803010950399894
217.1720962067178,145.26623359520454,48.73539262952877,34.20595564571834
564.1117175394497,55.333406081014544,261.9281395843327,54.223259522462676
136.88811510433962,67.11441148210037,285.3412559083415,146.41817255110467
582.594169298362,95.18926505788289,267.0939941154924,49.26671919054166
255.03074066182762,186.18014630479206,46.47607582899117,31.42896441102365
203.0292694714381,27.62293006424305,103.20085514471364,105.71074212962124
333.26752190290216,185.51221314543693,317.3946951289613,69.69592098433216
234.46209523736405,92.00079414384756,240.89593204710525,58.68447767197628
456.910290330894,97.41833957808397,228.0149096228601,83.77629943399882
255.83461441121568,195.68068613413118,299.2632944586244,39.581448467842186
605.9219155844701,111.64058679232129,343.3632329411716,138.08106876491172
335.5784269816268,26.882301492433353,132.58205640523812,99.52861730925139
462.60029214407564,69.79691106445094,89.02943257531592,143.3177701966292
676.6308635947014,118.61484845956252,99.91519418860858,59.31806076804019
87.45481033957572,189.45463416725187,81.75333683007841,104.73654560786771
243.3861076641507,123.80791663459325,261.4816658074243,142.5431361314984
202.13576755619687,24.790791449123883,88.19744023824512,153.03548167153116
609.2288870287587,131.68927850716074,244.33845386294814,117.95262846085613
183.19819555892693,189.47525843504525,183.13020214162614,75.86518064326904
392.7291658405965,31.34781750823585,98.09796551841801,128.85108601576525
126.73762011432169,132.73544686692273,124.7256043022428,76.78443474409798
252.31422404214268,87.6222247896376,284.2564834934398,63.02285386530417
421.6917246014347,109.56597212072465,265.60746367192263,158.53138565142388
523.0382261932334,61.9680111802764,52.599116328643994,57.81859678828285
439.1797317328267,32.160806632633,209.26277031387667,107.77127709206711
280.09552878921613,163.31657241902224,77.99730395547485,29.880609559830788
520.364800935608,113.10987232328637,273.93640968285206,83.58233003611205
226.5202672776756,172.10118791857593,311.3233598163827,122.38084179180267
242.22113661785903,130.37998646926633,163.6655425555565,32.33574547795587
635.7131317825977,47.72713354985953,362.11678445519436,85.25127244934043
189.15188298634047,121.56992215694004,336.08666576165285,127.98384149968548
568.1645799263083,142.87651450113745,275.2411460615192,145.4475993829803
228.51220486598282,112.00403192559818,116.595884038303,166.12154900642577
652.0255294499245,29.9734986689746,279.7198308363686,156.80227711823318
186.37218608641462,126.31755595559643,350.4140506716756,23.730665374801212
501.5989199805912,76.99034789376594,353.4140388063518,163.64170820006564
652.1518710941007,109.23125234826085,332.414707902669,144.75391290604955
270.8594700461431,173.89003628301293,54.56068237575668,107.68573249521899
216.52196140933745,44.76458956254701,68.01348904456735,122.61857324011326
283.5299530405322,154.90468363017084,64.10791606692834,65.73543267831951
405.2771166593075,166.92792880922542,149.446286333618,112.10822787461593
616.6012279066072,135.05255985963828,120.55304208177556,22.30556561038243
606.9166097931263,26.663571195880543,336.67799378481544,97.63294071249189
648.9810983708498,168.3972057685146,378.1800249186236,71.02386614474779
544.1508435161979,96.05466958981211,203.70908231699764,112.34921134356033
609.0989994229449,202.1757377105846,300.83524825332876,81.03518565723195
333.2263237911648,157.24083714432385,122.51230839015295,35.15633067830552
292.5243526363239,75.1473848139693,141.88750167789533,53.54020665821215
101.91111138139725,26.04460706207792,374.7409372737101,82.52913588364294
310.64129412554144,146.67981490404497,115.60051711722454,160.49191287625382
555.8346421724734,39.085157943110076,182.72952026477657,149.91505771633553
652.4358024958278,107.9893586767416,248.6810534584883,43.60072468931879
680.7577581481094,65.0179777719951,359.5890668572225,115.65489466615185
446.9004468623617,116.24476310823081,119.78193288147597,45.01819355424937
210.7140548930271,56.772336933102935,304.6445695660598,70.93629317784297
111.51681535960171,199.44486823837155,339.7373608428632,157.1761196938873
683.0383159181877,54.48586079167329,175.54308649829636,131.86767541758974
500.7452657705184,50.840164130685544,316.85233471466023,52.171545026908134
212.74589870086385,120.67186195700575,241.78670850024886,105.26950733487504
132.03658537288425,182.73941507270547,131.545682381359,37.999127021611415
618.290869334885,196.99285034009392,332.4433227146383,139.52343087873635
475.87413685974485,123.2025959134416,71.39257539130148,79.64466798799737
303.5431306378448,70.13708366318163,285.729622714747,92.69686744880279
125.66878940295352,62.923729762096386,272.20414493981775,30.028876260836206
595.3942932409291,113.0470204178812,203.94851733108572,107.10912113981308
579.215962696121,86.18877934678335,270.43854642603105,103.12641595027983
239.10032953969218,182.95253559798255,310.65321871041203,116.96951059077811
595.0129892890839,180.88612595571323,280.6587032525572,143.6287761704766
501.63014375756933,146.76977343195585,250.43229776823281,131.04326421189725
172.97240861075605,183.36100792248504,335.7154321223806,23.029149219333668
579.9086843753518,46.278146924313326,154.95812099483368,129.66845080753546
174.28662806600857,171.89423432274447,322.342178294511,94.4275550962461
80.1330098229354,75.11077015661557,249.86500797083582,165.15381053713838
461.584986285759,70.14616125465075,255.61677485712713,99.28244593274673
551.8704864565324,42.287941432643606,298.39511606577474,99.47372918555288
663.5726718045419,85.10651110286143,255.1507374624232,157.8145007932868
138.75951066628005,193.6345045150406,273.76240496399845,28.7906102576568
259.79766506346914,151.8796252398741,64.77954011212907,105.58068661251869
287.19432413242225,135.97355317475524,57.50223988761414,148.78313808807542
669.9748322041276,199.40389384517692,294.5639004291686,38.084425036199434
538.7073772145118,27.26832202155501,49.54804370216054,66.97759256996493
374.2645625585503,163.22455457524302,272.21647539184033,85.23588458881247
243.12472983151113,204.5529979689381,185.62599235255072,86.05469432094846
176.03335272252045,167.67283909299755,275.7145425027909,51.62347013035895
126.48290983097982,146.83513021782548,262.5225894163756,59.46022448387707
656.1754644955838,50.3228201227505,187.69835822887308,159.54456376506465
332.23236918608177,139.18377292342552,175.99853864091457,59.602906998719604
676.3719385970708,97.40418544745599,343.210664478682,52.99479137875086
206.21203189346724,28.461810373687328,261.5646604898468,73.68357866465767
603.4153696804542,109.04817585863121,368.1640035080147,46.361519612215815
606.0165681260369,164.35283176865835,301.72718270327044,144.7888237078843
540.3912022033271,136.9405702337832,86.29775631374235,23.518689095112254
637.8687051141492,135.196045767204,310.3539133736777,90.55390450355097
147.78517836490863,45.60657381339842,272.98093240469177,82.90727761571102
198.5394303164206,112.39952701285176,63.72149520323631,105.55096717548314
240.29887639527965,168.17405716775738,146.62053181031226,86.62698058853377
83.32566449812502,35.99275555639065,174.28068505654068,90.31748513942493
442.1942629378658,75.95376413622361,276.1522401175199,147.07896462004436
551.8738981125446,30.00850105527398,203.92169963882063,34.32862015231604
223.86289695563207,202.64588835798486,90.08673806521773,93.14662209503396
453.2550188229618,150.83926998767652,230.57493200434507,20.121313611320172
275.3488862650365,117.16043403865457,71.68885261905429,71.01119291090455
96.48899919863486,37.11049166934478,175.77251928502127,38.477011972398884
422.3847044690822,148.46948904002278,311.7176668247871,48.544994414837426
178.38683361417065,41.848110411149705,256.4333098844427,124.13948693819498
95.50280344063134,193.44925310871355,59.60011708025119,99.47817185542033
508.6983777230571,181.55603065268133,282.5864081660313,138.3606822168768
283.270882591621,171.32149289702528,69.07826290902685,152.25882418634137
410.21801492719715,171.772235432149,194.42836509918808,114.74879868948297
397.2942839697426,156.14840838000214,69.58852796460955,27.673102023954627
226.94793371957942,51.869883747378026,335.6952384973634,51.39121495238396
671.4241432930291,84.19936374505421,103.43069991252165,136.56466420200312
477.98794536959605,113.60285966839992,229.1317916463612,126.03948893351325
215.5741092170657,204.40888174299607,370.38665186549656,115.75627507465055
197.94033459179528,146.78571853250668,66.41217727925064,23.238948713651265
233.4005267341803,107.11827204512959,334.51278870486607,127.22900709604168
529.2192705209611,100.34988266225791,158.60076343381763,74.05868334670569
678.6114614553562,30.09789028838044,334.09484350374015,105.05887473141743
343.75233297242534,154.9941681689752,205.9969265695174,149.06478274033083
625.5815520359836,99.66220738305245,135.32694834532413,107.1005429380126
632.6939577142143,61.18813648242719,251.89903713583737,112.95458732987193
523.3681396321883,46.76993432311243,283.17174009848804,154.3812555240762
185.82800598683747,66.08832085600406,369.2422557084789,45.68241827666486
597.3326833540032,112.52408810122141,125.35940949057168,148.6656530371668
347.83250287134973,116.63283163363509,163.07937036399767,107.1902011145195
175.9723934841067,94.0769277417052,368.574500898751,57.20189567691091
476.7857532935191,82.06551704382844,302.5863992140123,38.20198708239033
667.7377438931669,105.50802149534243,121.59402047231043,29.635602805341165
179.77456628421885,117.53637334437175,155.5927201216496,142.4149711980932
339.03904439621357,68.12468209261682,249.9384486538058,124.18449951306624
178.1180637517303,53.34179758724089,54.44745483536683,128.60748761673022
481.09648422871857,109.30720547686579,326.3957351580366,138.94923401318454
433.24927190536636,181.06423859106303,111.4201945440842,35.37214504371908
240.76009150714512,33.19276274475164,220.98376576379255,158.49793538649976
100.23408443115252,45.04586944808106,194.38820216758788,158.09024511511961
269.06368265942393,115.25060322571372,56.098151615079544,40.810192822883565
677.9896985766943,198.71863368694272,43.76098719127975,160.76820803445122
466.0412088663349,180.99989248406024,195.24389809995282,95.64111108627318
374.3886112162608,144.34958673724478,89.12884307250374,23.137586970877813
264.04649760926253,151.2431885687226,110.07720355906409,119.20611687192924
667.7932459515957,39.90359150520173,268.61521625900446,84.91451785221493
605.7232561285234,55.079133606350815,275.35881231726506,143.79329920358293
652.3639538701004,147.33619778009802,209.53506136232062,110.90723677726692
606.1884496679359,126.8032727842479,52.33101529017702,157.6533446708592
496.78461838064686,146.10853425794272,114.7320545474691,117.03425246596275
316.4584286860512,141.50014775889392,77.99554502023057,116.87895553608425
685.7864925265023,31.574965013471505,371.18852882250826,79.41396151330576
607.3158397812279,165.40804612280476,233.0561734381131,128.91313410498995
612.0499965516956,96.45742439876733,152.23503382833135,118.33434591072263
568.9481833326141,161.74393692172413,310.78376322084625,83.69519743050064
575.040090071364,44.699360363435346,225.46951007600043,19.522293327246217
274.2050210794095,89.5889273696734,175.51973855891072,122.49591280124763
313.22208267901647,104.57908227349635,122.09705552807098,74.38908895180732
214.8513012315251,36.12929794007729,245.325798381941,118.42682439026171
454.069006281331,107.27706322190795,170.00097969780265,147.55840522246808
392.8292391006121,110.13681135229982,50.73300353607833,69.61089093016457
308.121755814969,95.488085521551,237.48686736362183,98.329487731776
447.0030927425194,162.21755158650888,315.8933963387113,125.87843850924317
659.0177072347853,26.109985290549943,108.03111730351864,19.791662898409207
471.1368357073445,186.4890801084166,124.09690185215852,157.06896121197644
112.99566240987896,193.12546460656569,160.51625651611647,33.804673522540405
372.57425048662924,69.59436450282068,138.03636635795897,64.5409754548318
566.0084103048605,121.07050533136608,146.939036753133,109.78547620894055
513.0227044911401,72.48320609969407,181.37173920028792,36.860141532353936
186.72227472388593,146.94788655059983,103.20183604763118,97.06951905312316
508.6896818512582,42.2690350065224,233.15584593505278,56.967397477168525
663.5329494783025,110.93228640851494,313.53824090872126,100.81145346778844
102.71578650896589,138.2040377607256,362.5094642328243,108.48328541989562
575.8662948952319,183.96907617517672,118.90966326643176,50.32085985017923
448.8790996964861,97.71307059087776,324.94450755249284,153.03615076779977
291.7919909211603,65.96568179780603,304.96149213663637,59.69111850978519
577.955502380564,100.02994753997278,266.9137377267361,32.92596505115271
456.7336718641733,105.13945449074849,239.65440519763672,43.74707794385872
525.6618262471333,180.06634162967174,115.09060496223847,32.95272586949809
90.65554096553784,139.81186557316494,246.55350497754014,100.28455375882974
217.70411677882868,94.0449282747073,242.3041350483485,92.82991240173786
678.6943821051275,47.65806750161938,276.20702317011364,79.02739455408431
337.3996731735255,153.59783965423145,275.2948914610928,166.65723596689708
154.5466557444288,41.764586406015326,286.0390222481943,105.015802884764
243.45041971714713,37.263774887491415,70.9451617280145,152.16539490270617
193.2592303301745,81.73402079881096,118.4303029977712,71.66354138799304
118.58023619284953,117.40618895944066,64.86776331368846,138.15590576689848
218.78059191391347,121.22556881905481,338.4889913074694,115.83864140860473
401.29229333293557,81.90941938748037,154.24518078880143,118.61705622376431
682.5696268107909,143.43356301419297,229.9467505465479,127.74878683265821
359.9698468996285,33.749749893759684,231.46676596345327,161.63616457290834
183.15651687166587,148.56791180772137,109.76744703245126,98.66170122807074
135.20176016595326,104.88484115556255,296.75683243846777,70.55502005872711
481.77177005764906,167.7895803304075,354.35082989915935,53.694632447726256
319.783336540329,50.57039321693115,376.34437740223825,157.06394817848468
405.56123391596,176.28129452005913,217.54473539422526,111.76398814500122
130.5957406064448,160.46521888675693,85.10845885076353,141.9945813233957
553.2017233604656,151.9840066232066,54.275345410784894,63.919646428287265
236.71212110309102,88.43591469416472,71.61349763586651,158.5505085735722
414.00544755731335,78.48063065304419,175.79213355666693,85.4299500757838
442.54421790469456,116.78997976955591,351.7287245530806,92.85926840997074
681.3611920811866,177.99330855923876,112.3191587531135,157.60056990957025
147.21077449155678,171.7999324314996,170.28303613966386,149.7442602182773
605.6710699809323,169.69915678049023,308.162544852742,64.1511786532188
125.59137231315916,96.2459409980003,100.53662762350137,122.41885631566834
287.3264721765197,200.63113865658306,257.9628996752501,141.45903158284722
157.06580061322373,179.9236816941866,352.8620572660563,91.38096297485461
445.99543374146356,162.2041603861873,100.97919233663026,93.69573671278435
319.3851363168335,49.46898820922753,165.87498620646932,28.840663189413277
91.98106206613151,47.42592681078884,366.4537359361905,100.70739029804417
665.2988012528238,101.6267467270549,147.1102663508733,94.22960231111308
344.29897293581746,42.04805499270962,257.9138099521483,50.91706667367535
454.12853851182075,141.31204465863777,93.2960045264917,27.822035404910558
552.4292766431486,106.60375018877788,61.685621710744236,167.19625795956523
111.47893071281351,149.48489626559788,373.3791855193832,54.37216006470587
162.9969494158371,44.913713234288736,144.23384636718816,33.748683346358554
498.3914705991122,34.1415759099039,213.65970984589734,167.46955744076035
572.6834464510375,134.93521015159698,145.23693200295355,111.81029334457553
397.6838936320666,100.45744326035073,86.1177479074257,151.03270518197775
350.56451129950744,58.26425053736098,165.95073731009063,80.4921764280889
580.958420755365,156.51752155700456,301.1826284282138,20.309494114849816
330.05298123164675,110.53097405903345,48.56085350913183,57.45268656547081
539.9434289653661,47.78019381636122,222.3782318342419,50.79220535525597
83.63076058245468,66.75516486989915,370.7505722365204,138.33217018171518
661.4896240930334,111.71766767850234,79.05409643580846,100.47298198872942
353.3656171307428,176.70489981186944,75.1294089016738,91.5570204808356
167.75378556082921,81.97179452627131,290.4232919421923,89.73212307186668
305.4946878937262,94.69575803782323,196.8290849535319,135.86564617407547
620.325886677226,196.93509847004725,307.109421739457,65.75283479795331
495.9356020458191,102.55738616886661,127.86488891859365,144.20481380102802
99.67468385755345,187.16928795542867,197.5129797069323,113.79682804968218
478.3820340153138,185.95810189822447,256.51394563564025,110.32292726221922
116.88969786595186,117.2873774591485,92.67099343557803,128.7615286372954
388.64536782100254,146.78563409121637,56.131843455295645,31.32198861137272
513.1280436696641,35.926665691356085,66.09503932644994,20.470321896769494
659.6140135998123,157.2273581726572,161.0647747611617,62.93534389553545
289.52426981027986,163.9985820740817,264.8326865310355,46.3122583364749
182.4285289830516,40.722976706837514,264.4730437160392,132.78351065225257
237.89159263433854,26.604426971461038,69.77095595702995,163.16421478006578
256.43172316284415,163.00867302853015,252.47054523549718,75.68618634369159
201.68809083938143,44.91398279446848,249.2204307162106,134.31549761832167
468.95919094483594,119.45556479046346,56.22557659022727,163.25808619426886
563.3786755471763,76.16512268706184,372.1302102870478,108.52356205697863
431.46120719329485,159.1532278935922,315.483890354602,116.67490736885172
154.3645725730446,84.44941465893405,354.6558908525355,52.197678533869535
303.2250689075169,101.55000313192602,190.07944550323342,110.17452253153583
651.4256858766257,66.66242518563354,83.01635488450918,48.14490656637547
617.1789014218114,140.51173695372984,138.38455732713606,140.48356015534193
601.5928164482625,177.09814777324294,351.57197452797345,56.32215734574439
536.7427075630178,106.73847650578554,325.6642873325377,127.42632333602394
549.798057746322,142.39863381837785,101.85149645141797,100.03514870852439
676.7940492808618,193.6635943497057,56.6372924268594,43.26940809655328
156.58037699367617,155.12582763709747,317.5097952709553,50.53981252598383
384.7607385829545,176.0387991703319,288.8890866632051,99.61864395705592
436.294730607649,115.45581497308245,142.30521840073118,103.02041712210891
496.39339490386493,181.98510535303262,256.38653284961146,132.29811703367307
173.86685360879835,106.92404439685046,45.23999659200042,55.49172643010648
519.3114684968218,203.58420449597946,75.4983560414216,78.60570328738987
564.2061817837341,59.980176435407884,229.03796461554182,128.11021061983337
451.93134991198264,57.06153630458595,161.78317717128581,135.68278936575928
414.2642143916723,23.73966335357173,298.382607280454,23.934516328856002
531.0656149935476,59.696700632533805,364.7558230337394,73.59614960273066
275.6357299159621,49.92727794063393,145.01822628471956,149.5466526605378
683.9083557289853,89.92580001385127,193.1797072269417,126.46785506660227
616.7342070352672,130.8928921985693,173.95473124885694,80.26704492228791
500.49979601941106,23.37301271912394,250.7616533805028,71.73769948234147
560.6238160461612,39.737693008860944,240.19116398419692,90.47186977634975
467.996315747507,34.60856787389639,237.42335707494854,102.49228188577311
418.18809254820565,132.79661585212477,269.91714084434267,138.84753769820924
240.80346106406404,173.18528830235846,209.89909135195794,30.167340193238477
111.94878280228522,83.71493079269823,306.4337063498432,124.31942476384768
557.2190980797427,117.079754500813,190.34685038578925,40.67721498405736
276.404904896675,101.90409999736247,71.9360246172415,51.59993145025788
441.0993270137103,156.8909869040071,378.3192494251401,157.9765252203341
468.1424940929657,99.57600686937542,256.34814371800644,135.9604628815319
148.41216275951518,97.50825224851766,324.9246318200524,75.96885823366296
425.0264646105382,129.93131297309247,104.22493717482224,72.74434576746816
280.25861634397654,27.561772342483177,50.24457308478128,142.83505383734064
242.78570982520867,117.22735716565103,142.70164783074597,159.1061176112222
234.38483568068276,101.10884654394327,336.01406124453945,144.36336872035554
189.74257008343795,169.10086183651805,196.40478394052946,90.76987030511717
157.64844345881914,37.479269029471155,287.2515896878491,92.78427036152534
342.67602203621794,155.76900774861264,299.90556629441306,42.387544397655745
448.4181088522057,47.46015977359655,295.14425536072986,116.74605621720218
659.683068836438,35.356766312684655,61.312109353267736,60.793109083112434
235.8540530155348,67.8083211981992,347.30433362083903,55.919820149675544
242.10195424689397,161.21768658530164,193.56000134009486,134.62556072457238
116.10543032312115,111.6661066732709,53.417644639236045,28.01665960554461
629.0797214385841,48.16950601641962,221.40512757847964,80.03917725639414
288.0849509030455,186.8177134082764,49.4469580453119,117.76645285569869
663.818116426047,124.89987164557324,357.598937804203,26.46463569452877
331.6627184461065,70.21073046823959,288.22207004520794,165.17036979035566
232.69741138896714,142.0363788959013,108.81232448286136,103.06644065547863
359.19336017006265,199.97400371571598,247.03618820082514,70.84389321699567
145.82591437487451,50.357261595483166,117.97919758217255,56.13189532525212
595.0339265921307,125.09211642564256,218.36409520421924,35.797538989327755
600.8424474609592,154.54876657435744,64.88655498207865,124.34244125327928
407.74535981148574,37.684133287104544,196.4430941042355,91.0277737057172
177.34508877317865,195.1784457588376,328.3507080450867,118.54768868596037
358.19498964132794,97.84743201142146,261.3311523718528,100.09560789806089
114.21896005338945,116.21088212652211,313.6766795757196,87.22712683406613
107.92684922736963,166.1176524009066,109.91229325298409,57.27466491777782
176.6935954528708,82.98152854429463,296.95491771550576,96.20693357704023
201.19651402773053,182.8067196737918,338.32153407284676,148.64005160335194
221.88143214525348,105.04314394998897,373.82061145101204,133.92413637469696
92.80779813280523,34.67255136513094,198.33940448426264,154.4092769601628
404.7955994040919,113.53300429057737,77.61857866379091,116.71992098796537
577.6437441864404,92.13342882596771,303.30667581482874,162.65907535007136
200.51658184001988,118.18454165677808,138.79918847981975,137.03584245836774
428.5157936237266,138.46490357582508,310.8176130792916,77.78099242838802
634.3570018550229,119.95262337323928,95.29309061588063,122.56039726867148
560.0529558709236,80.52909941744265,330.77682154470125,153.94988756586304
245.12389204479044,202.073290909317,89.48592028335378,48.82350260272515
188.59803384005406,185.7524722544722,262.4489487786403,41.371723132474564
344.79405163806695,134.94953581107004,70.20621434188996,150.40745883902457
566.3607148531424,114.88091103733598,367.8047239805024,81.03431928429796
676.4528554608937,144.5420386793202,255.84092455138668,43.43962219652842
614.1311154148577,100.71379957856828,96.7340252089121,20.544829373196684
417.63648713741475,118.9264636501919,284.36011601432125,151.57822386951693
124.66876872708639,156.13144960685833,105.2136146684376,146.78852437944204
575.7898459036403,121.36809114509899,281.29178678742016,65.59505695651555
363.60628031804754,172.56321859782656,196.7679356726521,72.08187448283262
377.66128480643016,173.76859017896572,154.98815931400173,44.60516369541097
510.4997351439547,173.35460047903837,75.98984343798854,54.47577567409077
162.82777439018483,86.21287886433004,193.76581893666128,130.4624412814005
473.3769409957204,135.9759320172971,160.76960127128143,144.29080677980093
363.6790228510198,201.26819716668354,255.66272329291382,37.51387456043422
488.6428701411175,82.0498311385867,273.2375271013698,29.059961103173457
182.89943840177983,178.7794014842575,118.60649026657975,143.63292624993278
246.5703453801763,139.97782489068464,275.87227193135993,95.2019780945166
262.4489926661971,61.54947104742224,53.27476785068529,64.04178074926334
474.6060266805449,193.8307098168566,335.5002153664659,133.0361436468614
557.1168647981243,144.0069977382238,129.75631609046525,154.1069179173383
485.3217802885547,124.94953632779932,79.47617096189144,85.40800344025259
357.01342528863904,180.388364197,226.19665594317718,75.45639980682844
671.9944495839281,42.96970081407002,184.40251865251082,24.936816339067917
527.5100701442764,190.14328252653974,136.40784970867566,146.81310272105736
254.46383331052985,188.81139458345024,296.01543980784095,138.83526181237877
87.2205327325704,198.2978446062619,286.82444854279964,64.16192174096176
582.0908751811593,74.10508358209115,336.022005539183,35.47079828406577
505.4204132017551,121.3507227780279,74.60803859547434,54.7773195896898
83.80352350556674,108.23845073929957,143.5569597753124,107.99741244766435
257.52530276354116,77.45885429008554,292.38877192407614,25.85025893202121
626.9191555404691,178.14623536457879,266.99954346899574,107.23061946472845
620.4587297789112,56.57034364182899,68.69242114599413,54.42143893666292
560.856158102418,29.10642423439799,238.37409872811895,167.2815380840657
598.1322701893621,117.84111629269059,63.53019567711874,142.78675085169886
441.5587166966717,43.73758335488521,73.70642021802041,154.46998444563548
484.38737468330845,173.95772545291516,338.11847192547117,104.02824705594186
391.8317787383515,101.24931941091555,148.8380930063343,83.54778529398368
548.2319471723896,132.511470061578,342.6799306752197,84.85924618518351
446.5057059496779,137.8679258404703,241.368169474683,123.56588255156605
221.050287233569,116.18556717679283,77.19797700049821,76.07013985876354
373.669220186988,141.68084946177524,362.21569587428485,108.339844721716
529.7604978953036,115.07400913858784,255.64988970312865,29.25271780124941
231.39313898119502,88.74885074834859,201.22289434930033,25.477890741103014
161.6397435663825,73.24706061936385,369.2885953674426,68.13269650926605
370.2378835485415,58.5331661258406,247.79488217870806,60.56858261680548
202.4842108326902,116.95280206874716,43.95154258433901,19.806765758286055
209.84957438153793,29.480320169923196,78.4780555485759,69.25448474969733
565.7399186236855,127.06557045259416,214.75275728997485,62.48046232440873
644.5202598513786,95.15855117229758,71.42827622699012,110.79067452046525
145.6689298511728,85.7173634128331,212.9827213366458,149.18411638497753
377.25516869244404,150.80168079752127,376.45663807144217,38.29387525706226
243.7985899277527,94.71395012005954,184.1599540402254,80.02805031082615
629.795475950965,152.94795078031007,246.82669225905835,64.85193087147154
578.6727917182177,196.88511888036328,318.65920423670326,18.89619470809126
464.38313860413535,32.10786353681823,128.8538719793004,27.549573485904293
444.4965994210587,147.94539278211215,80.65427889482345,75.96974374982318
354.49953844326217,90.06133164600259,82.85592176900256,81.21151038328225
534.3861040324989,35.730398364470446,69.10020998600181,71.62994675483453
650.602236074255,144.66101040526468,270.65873357113287,72.69724889980347
438.3154100875365,24.633174668303074,256.32075746627834,155.0164422854852
449.8503622322078,182.0535879327033,285.9158415972579,36.66191910918036
626.6497675091737,34.8984558310318,221.92605323059803,39.883624300110384
83.3781595951933,99.71932515964284,141.46066434123978,91.22249201367772
428.2758083961817,30.75958426221107,83.52216879871375,102.06794214321646
285.5380005501435,155.70798751766506,261.77508749282117,144.91141930339774
498.59364521970275,101.15884247276814,268.73797341326497,59.77698683012932
263.06061970536,166.61110646335692,192.44178703334765,137.86086360582397
577.838434099318,179.1120965915419,350.80031477487955,83.00870106137381
270.7169625457209,128.91584111689022,167.10018664448182,108.40301367123347
506.57916426109443,148.27626976521884,168.238653977402,43.57478461775884
338.82058515289623,48.779956594115234,341.8628203201569,70.3020960500385
170.44413053502217,27.425245881457062,259.5963792703768,113.75216350028182
283.97469809136265,35.85877199389568,180.05149803283368,65.12735646467169
489.21805870873925,133.2143503755857,164.884623766401,51.19392473426852
678.8471305457654,105.54668169877306,273.89324793684204,39.64710947050378
372.40222073528224,27.806044111203274,212.32370623082022,162.59050971644297
310.5681455730512,29.894968002601367,52.52255171772166,76.58902257430432
173.8383719264113,27.04322564442902,296.7737673620295,87.1200981961208
252.65030362721544,186.86325646048397,81.21040862689014,161.38139042891441
267.7283623870368,184.7341888483296,245.15548382049477,142.0900930599489
676.3935995556724,75.36001724461121,365.78704047146357,76.8122465126262
311.3641896381155,84.83579796890838,224.43173040043484,41.676408989028474
413.95009533711044,121.53416855225736,298.6894301678839,143.12662491191415
344.8659790189148,77.89892946314805,129.4357163800488,47.71990069921216
111.3978261683569,85.21147649099768,133.11091065535007,162.94882700826054
416.3880968724448,86.09176984550811,237.5862950644218,39.44461865939371
347.06310312250895,136.94312226695166,206.74756884399213,78.64817692206641
682.3921610940449,183.2596547629883,252.0470090373845,103.67067445597193
454.78267772304577,59.483702494028826,175.17119024498356,24.553840099976828
366.2765325694536,121.77475079306026,118.79851430124427,162.59221771779602
630.9199034601697,154.42643708185392,221.730437553737,148.54908816142864
155.9238562804867,166.8890333136236,84.13427000298492,137.2383298778105
244.4304784354169,182.6719161330995,360.03035430986137,40.877791239083436
358.4267807340742,201.61134872929568,204.89852177321464,147.59033649422196
435.30902011407,91.20555038598049,138.34305486646127,49.00377104314326
540.8633915660639,93.24913967968256,214.28387284085903,92.16681367838939
428.3240778678782,180.57312252654418,372.3891977163956,79.51492544837365
580.9468487310487,162.1527532352668,235.2495073307385,161.4005478319886
198.50880622966588,42.70421555622744,329.6933075456658,84.22767684282312
592.8094758135444,185.58850078245695,63.131680444167074,150.56398435259695
349.6706373011625,115.83351100026044,253.1201714398743,156.9716267324746
87.89724693894726,109.71054079572322,273.70728110870704,126.56281290041251
498.61780045972677,47.29264309925695,142.92729438019106,72.21882159208582
566.8691764157245,73.60171919456795,113.05820208837218,161.60969880432424
81.64399870974594,204.67993719013953,270.0361454316786,142.35315099940954
255.92831839464478,25.395896538812707,290.59587109357153,143.20047402259485
527.8589431047766,48.82664915214613,295.8356063924134,133.46284443212141
477.8859326227836,162.44225624305056,326.98543111933526,110.27373724940905
130.27876147633418,111.67642724934655,68.2479316613251,79.50877763347273
324.5348526655057,34.81934157482045,159.57255164190104,35.23456183877522
569.1856001987221,195.54118243169592,66.45193945926256,161.26140955895517
394.9607466744534,77.39442659702522,67.98279965135872,93.40582434377167
560.817896142013,151.68172824886534,59.01234699368347,29.546782334223316
321.9529953238242,76.61509980690188,120.35934337649557,60.61655028954192
566.2870430192737,192.17609889370198,178.52717122525502,153.9450722414718
272.32033358279915,109.63644286238734,118.21900670393174,114.28572129301526
673.3245240957194,132.7976055904697,162.60138564532778,115.38179430384342
151.20826846278285,184.78074737480716,211.5251482066849,85.75052768062861
433.560582516015,136.67871697012893,66.26985377332669,120.577407483348
223.79377294418248,152.93336533427123,319.10931263926557,138.69368502395832
413.21179337571664,117.60855025704628,90.21485480241046,134.42185456220284
241.77239426246788,113.3293699077992,137.83470037112232,38.64312470502526
460.20914232934314,32.69058411053257,294.224900029942,66.07829421728827
76.32037944939619,115.96050394415873,57.87602178939468,59.89469264908668
507.427314448441,34.21409548139474,324.7684362317302,19.23283939246348
226.77754749288175,157.84636251545692,148.61028323488594,33.875077464622144
295.94699851334394,72.07656734647388,325.90452800414994,65.44542895961871
557.4127475149462,185.36645955320074,188.19767222142713,154.51721174245336
306.36671223845985,198.52900020007155,72.16809692101278,121.23463369586413
377.4182941783697,93.45117234888751,255.18104267950804,123.74852424773859
78.89941302027454,53.220368649947034,282.23586169389205,118.15399545944229
665.4362398583824,161.51655746229392,362.2970801228809,123.55195709098777
258.0220106434442,41.993411129220675,305.3987478158533,114.83412767364352
105.62715953369086,88.4202483345925,364.3268802142813,93.37251213219484
340.1622545194724,106.22079023664298,112.44451094659496,73.7105761918222
301.7894921608904,32.33019248674294,300.5975549483871,80.84671651850715
577.6905399534122,177.79698925034188,113.49234011854604,116.80552635163434
364.2856576177862,183.2308483966088,114.754122555363,119.86016623092517
446.90979511711936,76.61710200250455,88.1015505126539,115.95246659671501
526.7131289787962,80.32232086654858,259.26304191975504,77.65564520374114
511.22726921887397,59.101469095079004,341.90254921756673,61.57283259480892
300.55304943727344,33.375982519548344,79.65221958280134,95.68080614581494
239.44456439317707,175.0867302494823,47.04572486217038,75.2613390593279
281.98724685320417,26.30960253501315,83.98190638553096,80.41945564657411
376.8392154179209,96.48466331497823,220.9056838153509,107.5157984809105
82.29082581334796,107.38664108863836,366.583102411288,96.15414410799104
489.4752119178547,79.63627193650538,302.7609354835305,134.05985108170287
394.1797307309567,200.70471531933612,84.37991648263653,21.19281384908236
545.9622167778502,169.9233995109584,82.58051398492373,58.31409257755634
86.94351823885766,76.25382067619064,302.47484075241186,95.9941312646462
288.5437628807442,90.55101458687108,42.553179989286264,63.42280100687185
470.5171881410231,200.37305914079434,327.3691522262074,22.185256989562646
624.2755854720251,165.55623566258163,304.91118023850896,87.04137968721216
318.98398001343674,78.00511012689807,64.22192169134794,52.738108155975645
226.64322535462804,111.02915994245478,293.82048717902603,89.4024233093962
111.51789665175465,197.38264330847204,359.586556159961,135.89147500475292
680.8549011605894,122.04048502843042,366.33695418608875,29.95037140121675
299.26905158491263,63.87128949850815,108.04967327512223,39.68443172912744
455.8519412991827,165.21415644327044,236.85575469044755,40.604085193500275
570.9473497518463,138.71505937802723,172.82315828692492,119.3103078351594
234.75579283773865,85.7117243724819,351.0867809917366,62.03490313841535
362.8868166250679,185.0509127879909,280.4426172831039,27.9494779089347
166.079215648468,24.215802830736955,254.57817941750784,85.5002532833506
158.13324448590782,197.40895153245987,220.4752962730699,54.777239841596085
381.55926856921457,146.67490217404446,67.77303472569824,59.67585696930886
568.4111910951802,106.57904005409054,226.1727183511461,83.28203712305178
103.01306058291411,53.00101647603514,192.1461367435369,49.89395468370972
106.72073061716607,176.57594387749066,372.5418208601661,137.0789088401736
596.9666351534518,66.89656288748617,365.615785290301,48.06356999971324
656.520822522911,204.13278003644058,281.79022131292464,165.14747330594548
423.6038643364983,70.098437902332,189.2681111487874,107.28128676544982
120.81110052580716,136.23381832217862,372.53687277564825,47.045633117551525
559.6466157753077,188.28797057405484,359.91568090434737,162.0109558199863
394.2795058775097,200.94061508579478,297.14307633025817,42.80010092976846
367.1023871423162,153.73153351412122,125.39619964682578,114.3064951269484
482.8017513176485,52.44502290313278,232.40587155679933,133.8665713960761
380.51760635645275,24.99263991071985,45.141269733435514,71.9670743756038
641.1293962641721,64.47203101772539,255.73733675558069,51.81849468840132
272.4266331020824,177.37664274326903,287.5621449964974,32.90565477216243
337.70609356165875,28.10373300410887,204.05075292569617,117.56405039419413
148.51367101902184,75.44742589272556,176.08011565955962,155.94868420235457
682.0302591481318,30.973270428963097,298.3883875666076,74.16099927964909
315.6007672533682,160.28193509894288,351.4035511149309,160.63634745900634
428.22866225048597,87.88626262533006,307.3268794601238,56.137079314929224
420.2702710703356,88.15191544629589,263.2365124180093,54.55412843623011
193.0918849868272,190.1729110698903,76.38259597328803,94.20213777827622
210.9376304492983,29.882927830637747,54.227670299281684,44.823168698335095
604.8865263915823,74.27963535009124,362.19148756106205,105.49884514536251
342.5317714710906,128.5312235369525,216.11019652778273,131.94796578505137
248.53422845788677,87.14419903346118,343.20901387829946,159.96866484733647
620.61470059977,99.24787257250892,304.907603461245,89.779541400452
379.690688468453,60.097658208973975,241.17726355525735,46.45264977048464
278.4614741074135,178.6505114301358,111.83598095758887,29.28646995263752
118.32636280766106,194.2827367437012,212.81719446699395,79.78782578445794
570.7978075954254,175.14974858205107,153.97209388724644,122.21983446529354
546.5505344439208,142.12316489351974,93.15126444114257,149.4320381400616
405.0351428382259,74.27848370831141,185.30500314121372,24.271895270319966
154.22493759391097,162.3384995371839,42.101226335041225,80.8558830395506
394.92023779550914,32.745706153324235,369.8090770777639,52.42307993344014
261.77080356653653,78.192283321291,119.69667754788809,18.882566122818243
521.0698751870116,199.0334140921508,117.63452278594714,117.6555983021873
528.7251283255675,177.44651289944352,184.42971981179667,63.89016705953941
274.63762980281274,152.69068167031224,317.17104215650755,45.77752474652493
302.4773147903918,187.20177302102036,313.774312481548,165.7020744010244
536.2586441695461,94.46222935911328,241.01141051300107,117.35208033148453
124.08888957719324,122.04315126934273,280.9812870962129,43.64362728076276
552.3500690000449,129.2027730546521,362.78509837457307,24.996181535245857
238.06218892615718,132.44410417547527,141.97229971668818,125.32619020835462
539.1599801577504,41.47407219880647,215.15242517509822,94.6399826709562
301.4647259816089,192.84999323523255,320.7836153571961,122.7560198988451
511.9102127735599,106.95296837105015,352.2684281673204,122.36575596259021
520.8480326541735,179.86469630599447,134.39871688470186,139.15836639622574
195.31661241113085,85.73902128394212,155.12368129133986,164.75656607302938
598.6452802298688,150.6031835113826,286.95436741764524,102.58010122159685
653.8743537329467,113.24976898612405,170.2474778547807,43.00373156752776
555.7496443812415,156.6687411847493,171.53980750481895,22.423905781557878
587.9475952924215,24.867746393992665,279.08823890061024,163.52209852387676
343.1704272789714,65.6198480388405,279.48268408053866,140.65991399893517
409.5092677060595,199.0680084162533,59.49822071681167,94.02860475529387
514.4274841944969,180.0377937213073,102.46673764168564,138.1031989079917
413.33750003706905,95.07444961569846,86.45609301058323,147.85134852635952
172.16007678943276,79.2578364247621,139.7783967443724,148.76480821045158
486.5237109245188,168.01405988479632,126.44950223664526,111.95634824695061
424.94944077153326,174.60368710443583,347.247916479154,20.4775325351248
487.3269110749894,32.23554325129659,226.94108617784235,61.60614633191749
263.3430675513675,87.12744866740331,251.33522468572593,68.5362487464206
523.1156558005121,96.5279825995826,65.11719380987219,135.6780204187827
250.52389902606708,101.67578318963136,272.94004614966735,68.29829282581471
110.75015127250259,90.94872797263486,360.1672510067645,114.47359395645405
485.7772803872579,138.0455865754485,109.11357490683368,81.1198510999065
534.2407943056993,41.26570166403632,135.67213914962923,59.91702058933134
339.72909425673555,201.4985768416035,64.83071198826585,96.10468308153534
185.63379558803962,199.73177854713322,80.25548828793214,78.92023198973962
526.2785873570899,151.22015891068463,184.46320902195222,70.39864956241973
318.7443392271471,70.96149015198716,111.24901970628218,90.78044456202771
240.01853417380713,75.18797610259293,263.2786062796478,163.26533533162132
444.40008036495567,36.81900315918641,67.5522413773418,160.71019526777854
257.5576171596624,39.56931940886379,243.84262392801963,111.7734075371402
471.76510334571435,71.5312883695789,47.186261019739945,162.73950568652816
229.25936197810364,146.01974081311818,280.0750301942717,109.73674966740316
267.08227500813075,72.20471184821065,243.37911423013412,147.97076997434021
653.656655051034,42.09200898169451,94.24025033391113,159.7118305372535
525.4553629917544,183.74802330234087,110.33961528037483,106.38920851325834
503.8673593249786,146.76450772214324,179.5540075290894,20.96098450996338
431.7682329350468,68.9244405277567,193.73324142548051,161.62955513969843
319.61219808100645,175.87447833169966,105.59372360586235,119.06100674348922
672.1204719432924,41.360529955013796,44.899285363842466,83.39651908167797
132.73105200124755,159.2099513737694,350.09760226417,83.46193945187801
234.02796958477776,101.97409107500445,285.73895287967514,20.014312276835064
435.7496571686363,134.583798409202,256.85697630046593,54.79646759661964
511.7431520287711,39.44618200377787,109.20726583605236,149.6689720437152
526.789789625462,25.292041145071735,125.74508346140539,50.673453619974566
241.40458907883496,67.91422691747556,63.154817839885325,87.18243217878928
523.1366513184544,133.38797787491188,268.7059950195783,30.778112265941463
656.5579656754146,175.6357187669292,313.2343888442401,141.53416562240054
645.1038108625282,121.99885587732768,109.5479783442796,110.74843626169087
529.3259872501679,157.30192129776958,217.71010941322075,28.88342425011126
302.58217606675333,190.6336550952442,238.92711411458055,99.03558754914222
240.21355663572697,89.9512094239849,343.6305886534114,118.16558622300256
556.4701715770263,105.60935362467879,254.35099850871578,55.74624507242753
506.50290629493526,100.7341515801182,191.13710672939925,115.60647296813046
647.2812438185808,34.45412236210495,319.85306866811266,62.3153791899106
346.98729506224083,26.780951523917956,143.48314368626438,93.70546603408705
110.50034677284957,112.30859718638501,354.3282015450152,34.397752067622335
542.4750901177867,97.465626033384,262.74570523068104,57.51589866100011
173.5134909932248,52.03721471995584,65.83747717806975,46.37961318295764
481.34950815772714,183.5104595353123,316.2773058963384,120.95320930626286
143.59126728644088,75.50257021304452,146.4335916077406,55.981144688829666
390.34318641798575,120.41289815387287,162.28881854126863,71.48331409293102
581.579123350544,166.66719523463394,145.75631541904406,155.09131577972033
657.3656681360158,82.3485194997227,161.45999785780367,94.15380119667054
650.2333045924529,182.53134295261378,76.63998889451085,77.29730020309432
413.74254705995236,114.50278499756566,107.38621424611436,146.88403440233236
489.10836303462816,175.52935954758277,331.31062293738216,130.39219803398822
344.1153379839031,134.08342288541309,96.1049231517433,119.23791544675653
185.5658360539852,149.28699435823972,119.42102391594665,36.21295607035954
177.0462044062466,23.149500767416313,284.1533325166589,128.01014261725908
390.29908425118043,52.20131050915347,70.23660944738768,21.518482592454845
177.32900970485034,185.1811409116698,123.44171454770353,71.55530194045923
140.48905509713614,63.32077791248098,216.96096141841676,109.40011744710037
225.88003748979577,33.31039558407436,173.78875703823834,53.62913282107429
210.14544831890905,197.76053249780472,249.65403901251895,101.8045835772605
329.82189116975815,100.97896810480081,224.26246436250295,122.63962921930144
504.4812306241983,54.084576436696096,210.52451247117924,80.16794754367862
607.1777058266512,137.88822722781865,221.43320956132834,35.89096661771508
445.6203121165605,44.151549154941776,155.6612205697339,39.98885720098413
498.3379851083078,60.384220252930675,174.06710580626617,152.38694190112062
200.85198386199238,115.35455552793044,183.29897404622133,21.368447036941788
559.7460287702029,35.37278784544173,201.81618550890622,102.37190218170312
459.5191922832964,148.31757883718458,127.39399229639889,20.152357486997644
517.4707405087195,120.43163481905741,323.6837438093451,141.2959658018607
590.5877801106844,111.21465730951874,154.45616669672359,136.84231709255954
351.485142327951,56.226181645244395,330.0341450678193,150.4288846657036
360.64327068057884,36.58571834675689,172.70878286135,138.63085232265755
626.2354714421563,59.877566365870166,64.65257818640288,149.65111670778055
313.73857393891603,121.54440452055113,368.1210252333673,28.60065096452479
471.6511652102702,36.295091225472035,168.54715700867388,138.67219141587753
340.61547355483407,204.5635441757367,230.37643526925498,66.6120957655406
210.48541146291785,86.68302926311183,167.55849172563302,28.921489587155374
301.6436901697575,107.41277435302194,285.4998180737972,116.7123634117643
508.5185383136127,24.310975247624246,115.40300049360717,117.4521165601768
371.426169227589,23.75495064938516,313.03377797441834,134.04314310818074
410.7222770452738,34.90200711519575,300.2430690144678,105.81107585524322
553.1601823614981,159.82293028056432,312.53111238277785,96.00122880057214
161.82297186785337,145.13220058228956,251.0595162820688,129.48106874904073
179.84964627998997,58.32854233742811,341.968057540107,130.63435470459595
630.1720843532044,161.09319266245126,243.20635472086386,116.32466847835941
618.5225384502739,128.29751209065654,255.07308685424013,42.02452819322978
365.28554697391473,153.37897150382673,133.34497377100092,48.859112508722404
267.64303097826246,66.80970088693007,114.47525579530691,82.09283729132855
629.9342364368638,115.21867280985444,105.38484520527956,30.154409340279685
500.8279245299588,92.56705438281301,318.87227185868335,117.12760963935179
561.870536313293,72.35961997401184,275.2688824431302,58.08702963717244
648.9815746691243,138.79154393492797,151.38589361292662,58.900697417732836
192.68546773000458,149.41302446946224,115.75601619826038,107.54141705368639
237.64067652008458,143.4572161497345,316.55145803045974,134.8218436271838
540.2858958543702,57.006424516547064,71.86345468616764,123.01571960965985
300.8953444728368,101.59910197260277,52.58765162595171,57.41733833076542
96.77766463158747,183.05385032986084,124.06806911703126,101.87307151772612
100.01194452335534,144.34651217640302,150.88596133306066,152.72203264993408
617.9066951781247,82.08384714016753,345.52153457469996,167.38905770949327
579.6640594146793,176.7986456044971,125.95808766940063,104.76430399904743
117.25800378040682,40.089021563733404,378.5028275815195,67.42982737664718
532.5599631613551,169.833988717598,331.06106728607034,167.60862214298032
223.52834493845447,30.141938212774658,180.57775584004503,38.083593389079454
89.91591005948582,88.48885553464414,306.04347237516447,103.19341101248489
267.00335014151756,142.06689511213318,120.23603438447631,20.809676882810248
542.4218199424577,136.4889927061732,298.82441498260204,24.4759776298685
586.8023751743672,135.72029330296465,231.83672883774423,111.91752250877927
603.4611108058975,129.77949127720615,237.74888459895752,166.5711141454036
537.7723739669906,103.41245433811305,280.3333831092973,76.77470897860334
215.8307095027847,131.58697228885322,354.68904931511383,157.38323441971966
284.7682536022174,118.977112079501,113.37172084761765,167.3104416023661
674.62776642787,141.18586975251435,313.0066394381838,125.42711672304763
438.0088883890115,32.51120304449887,195.25214476685503,119.40824975222249
489.46871424013267,90.80318176825769,359.2388888278,43.64896151327284
381.41037534431103,148.7281610684318,276.87763390764565,115.50444602208619
244.13811714607266,51.2613766701664,256.2683144643577,108.13844616450773
185.6285066535993,151.32674755249133,195.3894322318815,118.35930980480126
586.9532975561989,53.72628762994698,48.54488723745741,134.9826911831517
448.09624670699577,150.32422532999863,324.36985307063344,138.5223521934949
662.3090341731317,120.48239907696149,206.61211683791115,78.66436094904789
169.97529324865354,127.16739619425219,135.38916045126575,156.2139141385316
431.929703963583,130.85567685658785,161.6282901258803,26.424544515410265
95.59893713220544,99.95646437850893,70.577106143167,109.26489214771335
613.5488061933097,183.73362081234296,264.04960893058325,50.19947753339116
602.5850326048865,184.31305384648596,108.32600028055094,128.7603815712523
250.98817418952422,169.1003154302084,377.94555617212103,23.145412608712974
623.5469072551896,136.2861848210502,369.91161136662544,88.08853519253823
593.0650729335334,34.16021887766196,155.01207149674752,28.66810626065735
671.1056978311378,171.71319823592444,329.2169190143789,158.70091484314918
128.14334218031928,93.07725505471562,66.02032882264946,50.13397507096373
216.12975521045854,108.30029209563348,132.54326224354855,33.738575097253204
178.3920219824994,49.63333639933411,369.8086173549422,132.02504248195743
666.4815941496081,102.94700772810275,135.84581768036165,137.84785309289452
275.222397770158,77.36119420563446,120.40031892654935,38.02362075472851
232.65654682737923,87.55788196426613,269.08404216421536,28.003467255917567
204.627640251987,170.26393752981147,91.57744775246769,69.81951091191283
603.5987512990205,51.02781517891404,69.96129241571448,91.00414067200145
260.68565400711157,125.49052690880072,312.80148437271293,39.13882003315186
430.4099895649567,114.93596046187284,90.61994024851003,111.82561889558386
243.13311699985096,111.71407192233161,69.80485499973881,87.2785129174674
263.15208683494484,172.69890011328636,61.28651615884902,81.16067138767508
355.8382300168102,154.9483066935635,235.5049954331659,118.2774553153997
550.1651229569978,179.95804194387676,147.80381567343065,98.98941827202646
588.6250486387273,203.15421318823024,341.6682552716568,74.1226584258815
195.27142708731617,111.99812092026983,291.8661769880723,92.20318182483942
370.93305739198007,175.5880656196997,163.81031759804236,147.03003560562775
324.3508512878308,82.6202355730106,194.99133296533103,132.49600273988904
153.08760144128308,58.59177319647318,362.5234349675639,44.86345814321571
422.4984334085959,128.39006335602204,206.99228226610774,114.92311463519913
216.41089054887786,123.53161210247245,167.43724524392996,117.44957416141938
162.37129257090413,126.85206660525573,104.49237371072988,60.263987468371944
209.63061283278026,56.11600205807683,320.17897397457983,61.31871936475602
641.6964339118197,199.59505677274927,234.4855316093338,40.01261949901029
304.6773886011164,168.20562314075931,165.82659329844012,31.654211739139818
415.82459552641416,176.8441278466005,310.14817411925804,44.80844292530166
486.56129344624156,62.982256324390356,115.58490631970749,149.16160917475946
228.51278054453942,70.77392809138604,42.31735593698225,148.65357955646476
559.6464309255055,137.1426602929959,294.77065957110983,41.36340475307927
355.7724641488014,86.81042376263342,73.67922247209368,91.2418997574501
637.8027148439812,30.088762556370593,140.25506676247676,49.648426155436766
221.48526310406166,188.38563435866678,199.73288513095693,88.28111682748128
540.1177518444656,50.94886372244649,206.19778551423119,82.85939991341166
440.2975426576671,204.99654856177762,301.2311246754505,78.06395068730197
580.967664919512,53.90492073879,52.35682148290942,49.18670579012087
283.85722384359923,115.86053897891811,249.2595551131054,154.61613407338
387.2011649249407,114.16430230791435,59.01807167492083,23.8748257704508
412.39390630140514,102.66229256713225,324.71519244037825,42.65201730504608
91.4685918398313,104.6419990954654,122.0749715759621,26.069959744831102
518.1749527242923,43.1287325362898,246.96621483386534,60.62330631114818
182.05448289568096,92.01157022061483,312.006985495654,77.20217114116919
534.1370193448801,45.66135304344766,302.3500797379047,54.03671547885434
489.3842520436151,125.92313773071592,355.0132386962664,76.48985111935386
116.5927641572351,26.2782220146092,320.5654641096541,97.00565649167126
549.0641003182269,65.51998821771247,158.31408176531374,23.15703814925957
662.6580086577635,144.53254276705775,356.38068405256433,58.30118922926497
449.17345389899486,146.47067001843888,149.041208296411,145.28539718178146
653.9175324994296,184.08731990965344,290.9991489499868,60.08805460009763
247.99749676615372,198.3980978816358,45.5609047442366,125.56892383232699
506.98188503006224,136.29694131961708,375.54464437794707,65.22618433938294
283.5890529313217,37.176281482892584,191.22218428726217,57.637119705857494
285.6717827882298,174.9211307975387,357.14834556157723,46.39250780829695
303.43360041857625,192.0671816737895,62.91306645312078,32.45196892802705
175.52540363485952,131.2881898360228,92.77312830399157,163.19651537018194
348.69202624358104,114.20847424060243,125.16661776331091,88.97698106641057
479.94321634374256,159.7190508634299,295.9838429536694,104.9417792049468
627.8125332889126,171.79230152164433,297.0548092422989,26.96443935212176
80.43313869204923,61.51354167660352,265.5577647859322,80.05438889799794
321.66815506765454,184.03842413963315,343.7035884093059,154.40256713953147
267.6742998078672,148.75948522854043,133.57751356101576,47.12060918007903
188.8466425034756,85.14943235653195,186.89777477454436,142.7233963102812
149.36050689751573,156.75658992463218,221.07987768592605,61.652819607744014
376.81176970740944,77.46303937201164,242.84487330327343,83.43550587447142
176.5101209243514,44.03837733867846,226.2126400836843,153.39296477677846
286.02002949342506,156.40554516490016,263.9202674127735,157.74385325543693
576.9593424391783,126.07329142204178,263.37102999643736,152.7917975886163
319.9070673915834,82.35802848678033,45.73824814083696,142.06675959707357
564.7610324585953,41.82745280787228,236.37045076493337,87.93508156317304
148.63959944232118,201.53494133020922,114.4022592070257,28.700600304058035
439.0391172116436,157.47496701853578,53.02356192663849,117.00919518967926
400.88615057234665,41.61061619297587,100.19963428132081,103.46119674911478
256.98846718770096,193.83269864670365,317.8313849006461,165.50929855110104
234.61298930713696,199.55807132345888,187.32758829317686,70.54714761998233
106.94669969816829,32.40497504937502,275.1517958484252,87.03141172405368
214.39509091841313,134.7075048692066,127.2544766742028,104.90305695312993
295.3217402396233,172.91236547841964,318.490100433733,89.93103105471158
290.2048512830928,88.87767628393404,313.444608377031,67.65978451723134
203.74476132706286,38.224260288142034,199.2695004108174,90.64493990950673
589.1133587452402,63.116136721856954,170.40696394344735,139.3576575241791
578.5710756042924,92.89742214431854,196.72039134798862,63.9431664199464
645.0088913921652,44.41402242966561,356.5640044393213,120.76391785556181
400.4471871534628,28.73979984921733,202.2678629660653,79.53939521694105
174.56652356763888,142.44379925339268,369.16001889569753,102.59742253168741
512.1704234314814,35.264242091911385,182.7585573147419,36.03486856206196
449.9859852799773,193.86303722858514,264.96979625120133,30.12923418241328
292.55121736864135,123.16723310383608,177.88899678344325,143.12573635742365
573.1108289408692,134.31753262444715,167.86990113038874,56.7842942359743
140.8115938760092,87.48094339061883,181.24491371222933,119.56301775735648
477.6537467332969,35.56642323213876,175.21213313259682,45.80214426794082
171.87921340621784,173.5959420488905,56.21345030392833,81.24660872599148
178.82662055397157,183.08018097719844,229.69655644653793,53.207698006354605
382.6715636064791,156.1296028846632,364.7708193746252,51.57515531218746
616.7256632695644,193.1014181432953,350.72801136555285,113.53001069570261
460.36952166921105,96.28795072350378,295.48871111912246,97.98482399831609
489.41166202877014,100.89029645637704,288.4495635818796,141.75628139604498
165.55055678690206,174.6217956534241,224.05754408086682,144.77130795449048
339.2916568291017,91.88195460336863,350.270055963865,56.1621444713465
591.1282527397793,111.0188610212581,215.23358149181348,64.71689834583925
425.7400113733868,82.06936922287838,55.32240101048339,59.271968636842345
80.12884519667371,201.13145153157126,367.34016993538023,77.65928661468072
520.4758636513594,85.8236308701717,268.10703064432573,138.913385558021
653.6703875498367,95.74137769921236,305.8951995542359,58.36569336312337
680.2476802708054,27.483914151671584,245.3528124332007,117.12689494090118
495.8812295429459,44.731903544207825,358.17392689633346,45.71322283926018
456.0591639266377,63.378158392154624,145.56118104000706,100.24889027438263
330.68692978957125,51.994009371541566,99.66500704897916,81.09162202553696
538.1095367478629,186.47706676000894,70.42969287562572,77.35301370353508
137.3785836674959,25.81100974017233,264.94990954093515,108.60834251982351
175.66453816483204,65.40828643220858,50.0815688572913,143.3203036559535
670.7077114445779,47.479383164227244,120.05317494594875,148.31623424936106
641.293905875031,99.28057351341307,59.14586645466137,24.543732596596932
426.29360182774803,94.40752531707516,51.746828549473726,105.74221928992787
83.13171241820628,166.31703458572935,145.2972833492258,24.67305184322773
435.07768213050514,95.28057176266397,370.05231545298585,99.91148986866379
244.10821199014055,152.11054687664955,133.5299676046184,153.66622266865068
304.78334579009123,123.02234532038048,59.12924022563632,82.28250752333972
583.9016092469676,169.64873609526114,117.64296769738417,52.41617327078515
574.717508458811,192.3894459723271,74.21281259194706,85.85636619768802
282.0535632534919,181.50486739952237,70.22670047166777,50.183668297897455
535.1730592972465,32.13675071484718,207.97261698261354,84.6691900696041
280.1914597629975,94.71326465575873,220.56988487762231,42.754702048106175
