114.52383489869536, 11.36085175529588, 22.776431931182742, 32.412956030294296, 574.0432373046875, 1893.5558227539063, 475.2361633300781, 8.383968067169189, 98.56167221069336, 32.83110656738281, 6.158751487731934, 476.41884155273436, 6.930073022842407, 136.46649627685548, 14.821148586273193, 30.187297821044922, 9.52293128967285, 0.38690219819545746, 2.587948799133301, 0.7077261686325074, 0.5747684597969055, 12.484228610992432, 0.15199638903141022, 1.1478034734725953
113.07933312673121, 11.296427517547272, 23.66484628273174, 32.414166887104514, 572.397216796875, 1894.1054565429688, 474.56346435546874, 8.346251201629638, 98.89186096191406, 33.18911552429199, 6.142593002319336, 477.7839660644531, 7.0789426326751705, 136.53556213378906, 14.790976619720459, 30.263513565063477, 9.510386085510254, 0.3851171165704727, 2.6014833211898805, 0.7157559096813202, 0.5731245815753937, 12.532901954650878, 0.15442656874656677, 1.14862300157547
113.09644701275974, 11.300991158396936, 24.41724474746734, 32.41637876853347, 572.1251647949218, 1893.7590454101562, 474.4899932861328, 8.343634510040284, 98.916552734375, 33.19309005737305, 6.1306483268737795, 477.7624969482422, 7.2666644096374515, 136.54061431884764, 14.784630870819091, 30.257540702819824, 9.50890235900879, 0.3849967807531357, 2.602003073692322, 0.7158309698104859, 0.5720226883888244, 12.522817802429199, 0.15822073966264724, 1.1486564874649048
113.10590887768194, 11.299973063147627, 24.00489895278588, 32.41539019271731, 572.2745544433594, 1893.9583740234375, 474.5290252685547, 8.343858337402343, 98.89137573242188, 33.18948822021484, 6.138919544219971, 477.8600341796875, 7.168528985977173, 136.53656158447265, 14.788263511657714, 30.2613676071167, 9.50969705581665, 0.3850087672472, 2.6014217853546144, 0.7157673716545105, 0.5727977275848388, 12.530532360076904, 0.1562733456492424, 1.1486234307289123
114.5061256380286, 11.361719514895231, 22.84940468557179, 32.41384379789233, 573.9805847167969, 1893.4145751953124, 475.1961944580078, 8.382609176635743, 98.57173614501953, 32.840660858154294, 6.15841064453125, 477.23114013671875, 6.950695896148682, 136.4692352294922, 14.81994915008545, 30.186107444763184, 9.522135925292968, 0.3868399739265442, 2.5881980895996093, 0.7079823970794678, 0.5747423470020294, 12.50484676361084, 0.15243927985429764, 1.147825837135315
113.11074432567693, 11.297399762715212, 22.991473759245128, 32.41379180625081, 572.4705505371094, 1893.8743896484375, 474.52732543945314, 8.345408248901368, 98.87707443237305, 33.15299606323242, 6.130707931518555, 475.2943939208984, 6.877516508102417, 136.53309478759766, 14.792440223693848, 30.258320999145507, 9.50964288711548, 0.3850760817527771, 2.6008753299713137, 0.7147790431976319, 0.5720113694667817, 12.473202800750732, 0.150065053999424, 1.148597276210785
114.53748733941465, 11.359413925372063, 22.78932230947539, 32.41206216923892, 574.1680603027344, 1894.125, 475.3775329589844, 8.383350086212157, 98.56730499267579, 32.82457313537598, 6.149008512496948, 477.6297668457031, 6.945159673690796, 136.46340942382812, 14.82438383102417, 30.19533214569092, 9.525760459899903, 0.38687443137168886, 2.5880541086196898, 0.7075515568256379, 0.5738607466220855, 12.51308298110962, 0.15237008035182953, 1.1477778673171997
114.52457651798613, 11.360423839604483, 22.782039534673096, 32.412701326608655, 574.0661682128906, 1893.6801391601562, 475.2688842773438, 8.38395824432373, 98.56575546264648, 32.83036117553711, 6.152845954895019, 477.52000427246094, 6.940457439422607, 136.4657211303711, 14.821809101104737, 30.18890724182129, 9.523583126068115, 0.38690198957920074, 2.588034653663635, 0.7077118039131165, 0.574216091632843, 12.511351394653321, 0.15225890129804612, 1.1477972984313964
113.14347086665221, 11.298930071620271, 24.732457363605498, 32.416213573887944, 572.5629272460938, 1893.8942749023438, 474.5272186279297, 8.350888919830322, 98.94309158325196, 33.185434341430664, 6.13702883720398, 477.7185119628906, 7.378290605545044, 136.53202209472656, 14.79297914505005, 30.259453201293944, 9.509643268585204, 0.3853187531232834, 2.6025497913360596, 0.7155899822711944, 0.5725185394287109, 12.514630699157715, 0.1607122614979744, 1.148554301261902
113.1258242236916, 11.300184324081055, 23.963277358934285, 32.41530590429902, 572.331494140625, 1894.2539672851562, 474.6047058105469, 8.344026565551758, 98.89866943359375, 33.184716415405276, 6.139819192886352, 478.1792236328125, 7.154943799972534, 136.53639068603516, 14.789754390716553, 30.265524291992186, 9.511201667785645, 0.3850158840417862, 2.6015827655792236, 0.7156068444252014, 0.5728772282600403, 12.540128707885742, 0.15597710907459258, 1.148621642589569
114.52318214718252, 11.361303016915917, 22.542185650393368, 32.413813596963884, 574.0117309570312, 1897.0428100585937, 476.04124145507814, 8.381626605987549, 98.5980842590332, 32.82157821655274, 6.1614237308502195, 478.4026153564453, 6.868092346191406, 136.4640350341797, 14.821088790893555, 30.240024757385253, 9.539107990264892, 0.3867999672889709, 2.589271140098572, 0.7073260247707367, 0.5750454723834991, 12.544515895843507, 0.15067547112703322, 1.1477807402610778
114.49053150522522, 11.357591977575794, 22.445077383704483, 32.413088496029374, 574.0724487304688, 1896.7181030273437, 475.9596282958984, 8.382142925262452, 98.6043914794922, 32.82330741882324, 6.160901594161987, 475.40150756835936, 6.831105804443359, 136.46356353759765, 14.82210569381714, 30.235471153259276, 9.537481880187988, 0.38681561648845675, 2.5894133329391478, 0.7073648393154144, 0.5749274849891662, 12.467588901519775, 0.1498406395316124, 1.1477771759033204
113.59395901290699, 11.524536807532423, 24.148782971315086, 33.22320570312441, 574.8010375976562, 1877.9216430664062, 471.37877502441404, 8.797728633880615, 98.16181335449218, 34.131748580932616, 6.1226249694824215, 479.2816864013672, 7.277632808685302, 139.66888885498048, 14.84291706085205, 29.945940017700195, 9.445672416687012, 0.40598911345005034, 2.595220756530762, 0.7387894630432129, 0.571291720867157, 12.536784076690674, 0.15927946865558623, 1.174710762500763
113.07308588065207, 11.293570781243034, 23.29979688152671, 32.41266887821257, 572.5970153808594, 1893.7558837890624, 474.4830627441406, 8.347214794158935, 98.86673202514649, 33.15464782714844, 6.133352041244507, 477.2111511230469, 6.962114238739014, 136.5318374633789, 14.795038414001464, 30.25776786804199, 9.50877685546875, 0.3851597458124161, 2.600763463973999, 0.7148093521595001, 0.5722519040107727, 12.520977783203126, 0.15184385627508162, 1.1485929846763612
114.92690009693615, 11.511669938522392, 23.988530477602033, 33.34039585515857, 574.4672241210938, 1893.4225219726563, 475.2579071044922, 8.616513729095459, 98.39809112548828, 33.28483924865723, 6.114690589904785, 477.74888916015624, 7.236777067184448, 139.94508056640626, 14.836420059204102, 30.162743377685548, 9.523210334777833, 0.39765292704105376, 2.584353232383728, 0.7205493450164795, 0.5708098888397217, 12.500252819061279, 0.15838593542575835, 1.1769413113594056
114.66043723816983, 11.486168213025667, 23.971099255606532, 33.2900309920311, 574.5011169433594, 1892.643212890625, 475.0281585693359, 8.618288898468018, 98.32615966796875, 33.23458251953125, 6.115923643112183, 477.55995178222656, 7.231413555145264, 139.81845092773438, 14.836732101440429, 30.15435085296631, 9.518668174743652, 0.39771698117256166, 2.5825958967208864, 0.7193743586540222, 0.5708590865135192, 12.495192623138427, 0.15828868597745896, 1.1759281754493713
114.42886300981044, 11.3504712987924, 22.690643229801207, 32.410477915778756, 574.0786682128906, 1897.1574951171874, 476.02948608398435, 8.380203914642333, 98.53080215454102, 32.801286697387695, 6.180308628082275, 477.79869079589844, 6.886835765838623, 136.46053924560547, 14.82250394821167, 30.24520034790039, 9.538922691345215, 0.386720210313797, 2.5876285552978517, 0.7068363726139069, 0.5767397820949555, 12.537345695495606, 0.1509442836046219, 1.1477555990219117
115.79390299357473, 11.522392407719872, 23.218931232206522, 33.17603871971369, 575.0893920898437, 1922.55576171875, 481.95493774414064, 8.80220365524292, 101.30045852661132, 34.50079345703125, 6.214868879318237, 462.9235778808594, 6.931259822845459, 139.47171020507812, 14.850613975524903, 30.64792366027832, 9.657736492156982, 0.40618741512298584, 2.670958924293518, 0.7443476378917694, 0.5793681859970092, 12.119735813140869, 0.15165109783411027, 1.1730557680130005
115.554412121512, 11.535446679475717, 23.77592430524528, 33.42065771594643, 573.8646728515625, 1908.2127319335937, 479.0089111328125, 8.506078624725342, 99.58263549804687, 33.27261047363281, 6.09440336227417, 474.17347717285156, 7.194897794723511, 140.50616149902345, 14.825014781951904, 30.36538791656494, 9.59813232421875, 0.39262375235557556, 2.611816930770874, 0.7190649688243866, 0.5689780354499817, 12.40332727432251, 0.15753528773784636, 1.1817674875259399
114.49205121970735, 11.357964415242895, 22.721129008568823, 32.41188485510647, 574.044873046875, 1894.0429565429688, 475.36053466796875, 8.383638191223145, 98.57620468139649, 32.82873458862305, 6.149853801727295, 477.7159454345703, 6.921998691558838, 136.46264038085937, 14.820882797241211, 30.193513679504395, 9.525413990020752, 0.38688947856426237, 2.588349986076355, 0.7075978100299836, 0.5739478945732117, 12.51752986907959, 0.15186554044485093, 1.1477721691131593
113.08, 11.3, 24.02, 32.41, 572.36, 1894.03, 474.55, 8.35, 98.9, 33.19, 6.14, 477.8, 7.17, 136.54, 14.79, 30.26, 9.51, 0.38, 2.6, 0.72, 0.57, 12.53, 0.16, 1.15
