47.21454087048769,15.541305489838123,65.17062421441078,126.73606246709824,5.958532632607967,138.18125290870665,29.32544425725937,37.67928876876831
42.073100556992,11.269537306576968,39.54291549958289,125.50534530878068,12.449344662763178,54.366928577423096,79.38991279602051,42.87302789688111
56.77368454113603,18.75185571014881,42.24243172816932,79.44528437200934,8.19193264171481,112.69898505210875,45.69556474685669,36.53539017438889
39.29289953690022,13.592447212710976,35.11808205358684,117.9853938102722,6.8557313750498,43.07497229576111,28.40073629617691,43.14032588005066
22.139052656665445,14.398993471078574,60.58788101859391,142.5651283144951,6.332763324398547,54.58169705867768,48.5888338804245,20.074466276168824
29.57978202709928,24.85543732456863,90.23737401813268,148.08619958162308,5.085020438861102,69.52776546478272,68.96277916431427,25.83469828367233
38.67950222864747,27.902604090049863,51.40866558887065,191.16147186756132,9.13731945939362,90.70105738639832,35.36600819826126,22.338275241851807
43.04412952493876,12.684945716150104,38.0259316790849,158.6723329305649,7.120202249474824,68.41918177604676,67.5875431060791,37.98531490564346
41.69535798039287,9.245297229290008,85.09069192185999,221.92136171814053,5.074782086256891,84.8763151884079,51.734348320961,44.984087681770326
24.74137718863785,11.256601910479366,81.3349248573184,84.71904882858507,9.373827975988387,110.33059539794922,65.82221281528473,24.880797564983368
63.00347689390183,25.17762124836445,40.61152896732092,197.48953567743305,12.39623748343438,80.42767705917359,77.78762865066528,36.99028662443161
35.6975375533104,28.590732969343662,54.23212386183441,183.6401268720627,12.738274703361094,86.2158525943756,60.37042877674103,21.05173544883728
23.65970856314525,17.66274890806526,41.13455635644495,118.38339376449584,11.763977101817726,139.8096249103546,37.320108115673065,54.30888283252716
27.29084430700168,27.63590200431645,38.92492533177138,161.01610099077226,10.321234239637851,47.94032537937164,56.72312245368958,45.07147605419159
67.20291966535152,20.85508080497384,64.10156058445573,134.45770661830903,12.714585668593646,106.07864084243776,35.96823574304581,27.129921662807465
46.95964733865112,24.227537856996054,91.3014146246016,82.93529039127752,13.797833791002631,65.89869983196259,85.6844007730484,34.40704765319824
62.740581209771335,15.18711076658219,44.435062899068,124.67380023002625,7.366000010725111,77.99945979118347,80.74993147850037,38.05948204994202
20.661847403179856,19.86233602240681,71.2532361626625,115.18493010550738,5.095776849426329,48.0715811252594,61.662598156929015,57.3974288225174
45.783561394363645,19.06435878518969,76.1837019495666,122.01590498685836,7.693292670603841,130.3780825138092,64.24317104816437,44.55320895910263
58.47887209542096,16.208374040573837,94.55532747358085,191.4854570031166,9.34125644043088,116.6669529914856,58.01413054466248,20.0373615026474
63.986779844760896,18.827493598312135,60.64469871856272,214.88880101442336,7.887290813587606,60.81256088018417,84.0236269235611,51.83770607709885
43.32860426232219,12.368013462796808,57.18364432901144,136.7499729156494,8.299125266913325,110.78984222412107,67.18929829597474,25.27954888343811
28.60223672511056,15.778711917623877,48.917493774741885,205.00113882422448,6.464884528238327,123.20061938762665,46.29616746902466,57.92773948907852
60.838822122477,11.976189672760665,71.1484855890274,203.1968224287033,6.514436056371778,104.90015799999236,31.31858550310135,26.77141345739365
32.083705094084145,14.74629335757345,93.1266103580594,205.0603567838669,9.394000652618706,68.71563084125519,82.3393324136734,57.704651629924776
33.6277325572446,12.663745165802538,64.73057269081474,72.95026782627683,14.311607117392125,42.870112895965576,35.88221074342728,57.05587809085846
30.273289444390684,10.41273345015943,48.57115455977619,96.21744194594211,9.01526517905295,124.40796058177948,55.2283678650856,59.48727717399597
22.81756938891485,25.45988449752331,62.26087756976485,75.7143523269333,8.32366939522326,44.57165002822876,44.59652853012085,45.31694221496582
34.97497895285487,14.854236760735512,59.70326881594956,129.32757276296616,9.162774352915584,82.80464181900024,45.30690598487854,22.954863488674164
49.13458201233298,14.55223619863391,64.39180107675493,149.14687634706496,5.940476940199733,113.30073502063752,42.23920044898987,56.94112015962601
27.61003305306658,23.34414615891874,31.128650195896626,203.22344591617585,11.73582586478442,74.29910733699799,60.987737488746646,53.49630184173584
46.6295386204496,11.09390095025301,78.34438211917877,93.20404036482796,12.01942762993276,44.28711795806885,78.17621204853057,46.28094885349274
48.10682655815035,13.95161185208708,85.05946614146232,133.4937396287918,8.93404132630676,78.7269254207611,47.44278104305268,40.45270731449127
25.90658922800794,12.74228664059192,34.11151503622532,111.31101939422078,11.452258761040866,98.91957912445068,45.63473467826843,33.01758694648743
23.43379174619913,11.2848182445392,52.09001087658108,112.18586008837448,14.654642545059325,107.47038264274596,57.86024448871613,20.272889339923857
65.31322408150882,15.450893881078809,83.10658905431629,183.24168634414676,5.456747574172914,123.38345036506652,83.72822151184081,25.85171526670456
27.84421542119235,18.09222653713077,37.8503601886332,151.63863104581833,5.52834588624537,74.5124480009079,41.9858204126358,32.961932110786435
47.34883210249245,9.278010660782456,53.799128682538864,105.00618367544376,7.01055590827018,43.17134704589844,74.45054268836975,55.95819005966187
29.345155545976013,9.21136631090194,67.03455788046122,139.7646824359894,12.803219455480576,70.18417778015137,41.775435256958005,49.77893300056458
36.43298058677465,11.43155297394842,35.20612660981715,196.84347014427183,6.0915680372156205,45.600913000106814,64.18152194023132,40.47161049842835
60.383681484684345,13.622714628279208,79.10599708557129,87.57778831468895,13.804746725969016,93.6735558271408,36.17888067960739,49.35025370121002
30.172601470723748,14.159246338903904,99.11928617209196,208.014530813694,10.937977133318782,105.39389202594757,61.66402316093445,52.07483769655228
26.13493485376239,20.88962369896472,46.46256223283708,193.7785483121872,11.50530151873827,69.15857322216034,87.90242929458618,33.73018444776535
33.510364284180106,19.67039490900934,39.745388712733984,102.12007988956756,10.580026532337069,85.5971088886261,83.39156837463379,39.63860896825791
63.19607316292822,13.962102312222124,58.6869402334094,221.82685849666595,11.251235418207944,110.155198431015,44.37349615097046,60.399605739116666
56.91862551029772,15.470601151697338,60.65736707225442,141.11156264543533,9.940576399117708,128.06960530281066,39.384620535373685,26.16132281422615
53.219416602887215,24.31398541852832,94.46612902283668,211.7409771680832,8.380844234861433,80.99991409778595,37.461033570766446,47.24834631681442
33.86806517532095,16.858891882374884,70.65446804091334,179.8673572421074,7.583818013966083,138.48607182502747,57.667589807510375,22.25747082233429
26.77006085263565,28.098154604434967,74.70412878617644,92.55689316722564,6.652181086689234,85.0396610736847,60.77897987365723,23.36348004341125
64.62103628627956,21.1842279098928,79.68018810227514,151.9246640920639,12.446982974931595,72.05492975711823,39.1517560839653,23.55077556371689
42.91662262063473,15.735005458816886,53.35696686953306,137.17926374673843,9.575572138279677,70.0436717748642,64.22646915912628,47.2832635641098
48.52583789583296,19.29826875012368,86.24488381296396,169.28195427656175,8.168020792026073,52.46850606203079,74.6890276670456,56.69377430677414
43.486218037828806,12.834077549539506,35.626123742759226,178.45088045597078,8.488101320527495,79.97555656433106,34.35189975500107,54.6588972568512
22.63733492717147,24.07099816128612,60.5677066449076,132.4495708465576,14.191881206259133,71.40985989570618,47.40780594348907,42.7205331325531
56.84686046205461,16.417065777583048,95.872964078933,216.27539186477665,8.648041984438896,123.48669376373292,63.03420715332031,23.510996842384337
46.39386390149593,27.805179604142904,40.08587667271495,147.4463455915451,7.280406986922026,56.812692284584045,88.4823504447937,37.50853548049927
41.08887066524476,22.081807472184305,55.38491489142179,105.20736678317188,5.041081748623401,51.36078510284424,71.55648188591003,35.870441257953644
52.023024120740594,23.705091197043657,76.6580497816205,175.37614436149596,10.025487007945776,117.72192831039428,30.52258493900299,46.83414639234543
28.148008994106203,12.53391778152436,51.48480194173753,92.07313861018046,8.335408017691226,88.71429591178894,85.52154588699341,32.37666367292404
57.92711914926768,15.83485481776297,69.58404367640614,80.21184463384562,8.797259379830212,111.60646879673004,63.995432150363925,56.7159476518631
43.977327490970495,20.87573370039463,51.869177144393326,101.28928497736342,6.730292371287942,118.04229283332825,69.17551910877228,20.805375623703004
27.94129710868001,13.616298665851357,45.924518313258886,157.26953508853913,10.26491596829146,50.97591841220856,82.53575124740601,25.031741034984588
49.83252585455775,23.131450042128563,33.02213028222322,224.4726944804192,13.89900592174381,119.3045212507248,66.94370834827423,39.02988586425781
23.61224583191797,26.103724284097552,54.86065898872912,88.69823454776778,10.71118845846504,120.84689111709596,71.69390819072723,56.02975606918335
23.37290766565129,11.527176015637815,44.491355712339285,194.93066902160643,6.067580385319888,102.052681183815,82.17559499740601,55.4961656332016
40.6510198591277,9.715220949612558,87.93644506260753,169.3257556080818,7.519606104493141,127.44680371284484,54.62478845119476,37.74867111444473
44.42668767794967,22.24796777032316,35.699037281423806,127.93023567199708,12.56213225889951,79.77158069610596,89.8378014087677,21.56998893022537
44.25612137150019,18.203874617815018,90.21795396059753,224.12401747703552,14.209064915776253,131.80223774909973,70.54023609161376,53.36332577466965
34.58193301511928,19.53567685931921,93.3995056286454,90.37095269667915,8.646665312536062,52.37841775417328,33.900128519535066,37.36923696994781
25.325246505904943,15.179386085644364,42.41420456618071,226.2213467985392,8.934264322649687,115.8166217327118,71.33820219039917,20.88654981851578
44.62693037241697,11.595849458687008,30.99503797367215,160.3154119849205,5.797789840213954,98.29176087379456,45.79067018032074,56.573255848884585
49.938910404592754,24.709990267455577,59.17316900342703,139.16232285499572,12.476077523455023,64.87346632480622,66.1419380903244,48.98175196647644
45.74178986568004,22.43001075461507,45.45444309078157,199.93740117549896,10.083712676912546,102.7823850631714,37.49326992034912,33.507227170467374
26.913757081050427,15.619228346645832,82.74957956671714,199.55010377168657,13.624836203083396,110.19083805084227,49.02674324512482,48.121278977394105
47.53112988304347,11.467302285134792,34.738584735244515,187.90254455804825,8.133057994861156,63.42435042858124,76.38394813537597,34.12095420360565
62.074754633195695,28.460395451355726,80.001323749125,184.9606423139572,11.40826832205057,131.26209297180176,36.39741289615631,50.39196630716324
65.76251502577216,24.563152588158847,43.86745263934135,191.1819792509079,14.490614235959947,112.56013689041136,55.5239430308342,37.90203909873962
25.191062127426267,13.609578039124608,87.46066335588694,167.62213997840882,5.056352795753628,63.21953957080841,49.345692014694215,45.39078752994537
50.44783161822706,27.619719699397685,49.87377755716443,150.9864480495453,5.320366039965302,80.76614398956299,75.00828049182891,32.756432712078094
27.103261464554816,9.269248859770595,65.77633813098073,188.76448572874068,4.683396985474974,126.33601517677307,54.01588460206985,61.53636744022369
49.78486270178109,12.567663729190826,82.56309319660068,191.82887221574785,10.953452489338815,43.61206973791123,61.50938847064972,37.40242261886597
25.94008135125041,23.340512127801777,93.34219400957228,140.0281682729721,5.399628002010286,94.6281758785248,38.32205818891525,50.52995263338089
29.874910075683147,26.708884640410545,58.40671085417271,208.0863206714392,9.205355759523808,98.49820051193235,43.13515453338623,25.23818635940552
62.36239243093878,22.283292208611964,37.19419784210622,128.52516243457794,8.374536283034832,49.02822482585907,82.55155053138733,35.1707466006279
44.36111602243036,24.073008603975172,36.81437141261995,99.57933277846314,6.619639518950135,72.39613838195801,65.06902916431427,51.382977151870726
66.39472015779465,16.671990017779173,78.81449970304966,210.95046570301056,11.416950146853925,92.06211981773376,66.4202728509903,21.70674387216568
67.22431792411953,23.63710588030517,43.88742592595518,169.35317544937135,9.759210131317378,132.9050880908966,72.17777552604676,37.37704300880432
34.23978784242645,14.443283697031438,81.51457166299224,93.89979388620704,8.162648020591586,62.30653851032257,65.33288700580597,42.12244846820831
31.45943273305893,11.555199285969138,73.16789657324553,147.33716530799865,8.551428651809692,132.36361746788026,66.15351572036744,23.759671980142592
21.55943749146536,17.5485353179276,78.66103751659394,98.15243532941676,14.445275278203187,101.6848656654358,39.62589201927185,56.79901263713837
24.99391973959282,16.943893454037607,46.74929034300148,107.46430136426352,6.1094312813133005,103.53346157073976,48.54496712684632,27.757130789756776
36.96713629728183,17.071142932213842,83.0528582200408,85.85780079141259,6.252457750495523,89.32223396301269,90.6868899822235,35.889127695560454
53.80594257228076,17.47977396119386,85.65659793838859,79.55700165852905,5.44750663805753,112.3259192943573,55.85168702602387,44.8666062951088
22.061147436965257,24.980983780696988,41.25004799850285,177.0941119670868,5.331831801589578,86.96813025474549,72.23275458812714,33.11248369216919
39.0188274409622,12.04489401653409,41.7697880949825,164.22693765163422,10.99342266973108,91.38984813690186,46.94284272193909,49.53186566829682
34.126537811383606,18.31685186754912,95.2263619184494,135.86429144144057,5.151118972804397,41.30014340877533,69.936887717247,52.49361400604248
48.83942519165576,10.417401002161204,54.616137728095055,78.5598924342543,11.192713974043729,58.48127908706665,84.73497014045715,37.206480383872986
41.7003856850788,23.056799272820356,64.78948081843555,146.92191132307053,5.525334813818335,85.29800083637238,73.79306914806367,50.39452855587005
26.18528652396053,22.73873462714255,41.72364646121859,164.84856777191163,6.402257032319904,92.54868717193604,73.3341254234314,60.644954693317416
49.97199032958597,20.46517224945128,86.04905149489642,203.257468187809,11.78979923930019,91.35480647087095,51.393991351127625,61.35912779569626
50.84901756420732,13.111485137231648,62.25973967798054,191.24730789661407,6.343939877673984,118.30269644260406,58.40215376615525,19.86109065413475
47.45878111496568,22.161498582735657,92.5331157296896,106.71540591414086,11.158950742706656,54.92270386219025,30.5800194978714,27.70550923347473
52.72602783031762,19.70510109886527,96.65986993461848,110.09856161754578,7.15497161783278,80.94888305664062,84.98485169410705,45.2660758972168
61.20407681725919,10.678874014131726,39.60153880231083,165.08572039604186,13.620399884320795,107.9919090270996,44.86469233036041,41.26052199602127
37.84171830387786,9.89714816827327,75.13811095282435,105.04207456102594,10.620666673965752,128.05589790344237,78.380974817276,61.118819665908816
30.225656415335838,18.668479112163187,73.93213251456618,118.19406026601791,13.60007572323084,93.82291524410248,66.41774432659149,54.480276107788086
28.041457146313043,12.507886485941707,46.624477081000805,143.23640934228897,10.086059672757983,56.12531349658966,60.56855819225312,60.34131381511688
52.40175917576998,10.581033208221196,46.68855528943241,207.6049534901977,14.71403347104788,71.94919037818909,71.81112260818482,25.631936931610102
55.56304640416056,25.568997011333703,85.18014214485883,137.16105437278748,7.725253477040678,40.13155122995376,68.97447421550751,59.509045004844666
45.207048901170495,16.844270644523203,60.18061899058521,173.20121657848358,14.019038096256557,74.80625641345978,36.45925637483597,47.38060483932495
38.89289387036115,14.626389290206134,90.45544260591268,225.8224418759346,6.3106233108788725,88.6219923734665,48.66459197998047,34.460816979408264
50.38802880197763,14.000670868344605,38.78048328086734,99.33854183792135,9.92686184477061,68.71923959255219,81.15010769367218,51.950207996368405
38.15406329613179,26.744222634285688,33.22041913606226,180.26516791582108,11.987940277904272,56.36010489463806,69.35018367767334,29.222450745105743
23.9017981402576,28.842889378219844,86.46916474401951,221.47028150558472,14.499620706029235,130.5521415233612,62.92769906520844,25.577688145637516
37.34115363890305,14.470839537493884,33.536610794067386,225.0767775245011,9.08490447597578,99.99066247940064,76.13875641822816,25.351458048820497
21.954659268818794,15.061298255622386,77.90591378808021,217.41179641280323,7.567579030152411,108.99046609401702,49.23904390335083,46.78203593492508
25.35992463100701,17.967710525542497,31.01069554053247,194.4110090136528,4.775705356523394,110.42546315193177,41.19496228694916,60.43352999687195
64.07738804798574,26.49937249161303,34.52459756545723,105.32508537778632,7.641944290697575,85.14914393424988,42.00898768901825,23.931949746608733
32.11249165292829,21.421771912649277,54.96261065863073,209.3916502594948,6.202265053428709,128.56922125816345,56.62778550386429,61.84074507951736
66.00746206436307,12.536738280579447,67.86836146786808,175.8808472633362,12.01106413640082,42.06219514608383,73.54559178352356,44.73231266736984
53.82013003900647,20.7440386980772,34.14438605606556,141.23016859292983,8.121506828162818,104.19984726905822,64.14144902229309,23.45041527748108
26.79125879444182,20.170616918057203,70.3488091878593,126.93983062505724,8.974974391888827,87.83615579605103,41.9352906703949,50.48138432502746
30.32909213490784,19.04359074980021,35.012579617649315,144.35534100532533,13.391000833548606,116.29395747184752,35.7609943151474,31.41960371732712
59.68193406835199,20.8127818768844,95.75638561472296,185.7609426021576,12.701077224127948,129.5360050201416,61.00277321338653,36.889052879810336
39.68326717372984,16.675004086270928,78.73088019266724,154.57016975879668,9.564841649122537,83.75094883441925,68.18960311412812,49.79511079788208
36.09208238050341,28.159554105252028,95.83065143823625,201.3875427722931,5.443024420924485,89.50958318710327,65.04941287040711,58.98594578504562
57.748821035213766,10.22379103656858,37.62869877666235,157.86709408760072,5.08947368375957,111.928608417511,46.85192198753357,42.17173643112183
28.612346530519424,12.846170317754147,92.62176387012003,214.4631616592407,5.470818901341408,115.061638712883,56.14596389532089,27.29231204986572
32.795644322410226,10.003399233520032,36.687758712098,161.3954860329628,9.837508322298527,66.86423223018646,43.34973261356354,58.41530742645264
67.35660887174308,20.552903913334013,55.07554242163896,82.83749058721587,11.731508050486443,134.78752207756042,85.16603558063507,39.2890851020813
21.14405370829627,24.07657186947763,71.1459068261087,77.93227084241808,7.729349311906844,63.24300651550293,68.66072223186492,57.72732446193695
25.339170377049594,25.07888456620276,55.01625115685165,206.93277817964557,6.339197833184153,57.3399218082428,87.7247133731842,28.74434370994568
24.7943732785061,22.038920402526852,76.30119747817517,179.74510486125945,7.918662520125508,63.75623362064361,90.90319368839263,20.40416149497032
66.65091309249401,25.18306354396045,50.085431772843,160.49153277873992,9.373061760142445,76.54499084949494,39.8012577176094,60.87484395503998
43.95417130719871,14.318814558908343,79.92403210997581,143.96580436229706,13.8164844494313,59.68654334545136,34.235845828056334,58.72918918132782
44.52649628352374,17.877689757943152,91.7983451925218,181.1792749166489,6.324379239976406,51.10292122364044,53.64107459783554,60.06523616313935
32.80579029051587,13.928001707978549,43.85158796049655,187.4078269720077,5.136130638793111,52.55691533088684,87.80314140319824,44.44941251277923
32.659578438289465,20.2319688975811,85.54568782150746,201.08364511728288,8.755943934991956,131.18973536491393,71.26201248168945,45.26460655927658
33.335595830902456,19.806844599545,83.53608097359538,136.89721006155014,7.868376320414245,122.59744837284089,51.65633392333984,35.531437921524045
41.91901010144502,13.75777858197689,49.74646893180907,223.80426367819308,10.501630091108382,126.16775183677672,42.27830082178116,26.990245866775517
58.42802787087858,10.04407247621566,79.23139066025615,96.50005110530182,11.863616354204714,112.16841216087342,60.93916246891022,45.9891241312027
56.62001629136503,17.22718259692192,61.9933870472014,142.9710005402565,8.101708224788307,116.19330973625183,35.4941640496254,24.933735477924348
25.423482777085155,26.07017592079937,53.16072948388755,146.9832078099251,9.176432687230408,81.30478229522706,39.48614559173584,58.83048303127289
37.11763923456893,14.739951115101576,69.64913093224168,141.16236701011658,14.22797720655799,130.56369032859803,56.17844421863556,30.70021347999573
53.189808677695694,22.27996307611465,65.74952991008759,150.76996726989745,7.238002987857908,135.0030056476593,79.74345901012421,35.77595870494842
23.885848561301827,14.76004569977522,44.84309728294611,183.5679561018944,12.74690587259829,94.89756038188936,80.94513285160065,59.676765823364256
35.0736455000937,13.251427212916315,89.89937678948044,113.2137629056815,12.332560303993525,47.69680027961731,52.96390790939331,35.69551123380661
46.76116141565144,21.536003082990646,40.47773421443999,177.5651442885399,7.885449808090925,67.68262679576874,69.87899417877198,24.08349071741104
60.15763442721218,26.517125289142133,32.78247558958829,211.59884662628173,13.067858653888106,41.57919991016388,51.23937458992005,57.96244421005249
44.0346628729254,17.81846507675946,97.54093268439172,84.01677112206816,13.855430334433914,116.37135457992554,51.85542103052139,28.32645434141159
46.64110916666687,18.190382918156683,64.25568883009255,209.32922521829605,12.66029147747904,71.08624954223633,66.94227366447448,51.5513355255127
64.57278786543756,19.952462654560804,50.78386711664498,222.8903730869293,13.636227368377147,105.21017351150512,63.55280170440674,21.53792993426323
63.84455449637026,22.18182680569589,46.6042952593416,162.44870455265044,13.24651943091303,62.51045997142792,58.72866885662079,30.92567456960678
60.99028561692685,27.994866336509585,55.93836062960327,162.86473100185395,11.673099085502326,101.53117759227752,38.11147693395615,58.55279197692871
61.361093861795965,20.031011765822768,75.38890185579658,108.17565670674666,13.080914457328618,57.24684860706329,62.10575420856476,59.40579173564911
31.98710761833936,17.67952075768262,59.07630342915654,81.01473050019703,9.082829290814695,42.349068069458006,79.04325695037842,49.92969396114349
22.216715361084788,14.895388432592153,30.54870266802609,120.43480676710604,7.754144869465381,56.72011470794678,48.5657568693161,62.40232310295105
54.75860474072397,14.56309803109616,67.71776567101479,129.89994515180587,13.184733641892672,90.92919211387634,51.47481036186218,52.23530215024948
34.63006840785965,20.90691361688077,31.33895910214633,184.65987689495088,8.444531755894422,105.9828281879425,58.94061021804809,51.02576287984848
58.41802508961409,22.65437072068453,97.0164016276598,197.95184992551805,11.189966569468378,45.06173753738403,48.15659362077713,21.34605413675308
22.689177328161897,27.072717205807567,39.39527052044868,114.6928176522255,10.04977479800582,119.13125133514404,85.22366163730621,47.3405443072319
26.28946394594386,16.40100240930915,90.63607660755515,135.70371329784393,9.94047568924725,61.391482615470885,38.180120539665225,52.05581395626068
42.39536377340555,14.862405953742565,50.68006166405976,160.38186161518098,4.87458108952269,99.4905867099762,55.24951024055481,47.90314255952835
48.45505490601063,24.844213418662548,65.81823540627957,152.70485875606536,7.598448637872934,118.58429560661315,40.98589780330658,49.32600079774856
66.69657181426882,26.82397088706493,43.45830482244492,193.18409765958785,14.091876543499527,78.25376842021942,62.364053797721866,29.54910089969635
47.091030191630125,27.221693517640237,87.89405508860946,191.32165220975875,7.207910808548331,105.68053545951844,79.26400508880616,54.808731532096864
28.4574463205412,10.49801766369492,69.16911595836282,187.4397475719452,13.47197265215218,74.21142640113831,71.98701148033142,38.70579181909561
52.52455037739128,16.6548270849511,60.02514894008637,164.17550926208497,7.527792553324252,92.56195936203002,70.74543137550354,53.859185338020325
45.65335973706097,11.803448702208698,59.17853412665427,173.2071943640709,14.728627704456448,89.37017312049866,32.52049086093903,43.512808656692506
29.07633240558207,19.187923305109145,80.77349596098065,173.74980787038805,10.094029670581222,89.620361495018,44.57966150045395,61.10350841283798
54.141817044653,21.03433287739754,62.18808387257159,176.81652207374572,8.434125212952495,106.05721778869628,49.83012961149216,56.42379512786865
59.535016886889935,28.48887643441558,31.37546932660043,123.53703058958054,13.572154470533132,123.4111442565918,31.674924743175502,31.31376326084137
47.78345188833773,11.304659012891353,68.40343049317599,84.68289583674633,7.996942617371678,84.20376491546631,32.53067506551743,58.99683828353882
45.474165509082376,12.92335322611034,74.6109478443861,84.93285338059067,14.186858624219894,88.43746910095214,77.45609302520752,60.462919008731845
63.78723672311753,27.026102716848253,32.312463448569176,82.53335892064497,12.992203849926591,42.687270402908325,42.69913728237152,34.24806070327759
26.61437148880213,10.05769965313375,51.63555812127888,223.52853664159773,10.930837380513548,124.87525672912598,50.23440110683441,24.51957048177719
33.57398206721992,17.521593586541712,92.01515051349998,144.41616280078887,14.289792223088444,96.82295746803284,35.93155651092529,60.81273111104965
30.61018257336691,23.37535350508988,59.32674397006631,85.22872211793438,12.141337020136415,130.19147906303405,39.02391570806503,27.54148633480072
59.87208322715014,24.81699226582423,97.87722109183667,112.0028093224857,7.254310770332813,51.394947695732114,72.39872603416443,43.53225830793381
58.26388979665935,21.22971124649048,36.2021975953132,76.91334738126025,12.92590908948332,126.31580352783205,81.5207230091095,53.96047797203064
26.37979122316465,26.48278902471065,54.88887457251549,172.36120989322663,7.925720786955208,122.68285727500916,43.69545279741287,45.725581157207486
31.55245181657374,14.424399635009468,85.27861515432596,197.05175741910932,11.921860324032604,120.46751408576964,69.08314776420593,40.04923455715179
52.22427506893873,13.298506246879697,81.7394128151238,214.3571757912636,14.271081535518167,97.972292137146,77.82201161384583,53.76091352701187
57.02078235764056,20.47859351374209,61.32004558630288,180.08036741018296,8.9660379528068,129.98862571716307,31.50906144976616,61.77131353616714
41.47613250818104,18.59419494587928,74.58203248158097,93.9666211206466,10.756776117160916,99.38895587921142,83.86255202293395,51.58279901742935
42.214253867045045,25.13765162974596,68.92258000448346,135.28834336996078,14.91315412800759,53.84956026077271,53.2873548746109,20.731570971012115
63.97187465298921,9.597725282609463,88.70114100575447,206.2878783464432,11.412318439222872,66.49473640918731,32.57462998628616,23.741881608963013
33.10571445571259,11.53702038694173,35.00416462048888,111.51088799787684,12.412910375744104,45.54041860103607,49.220819973945616,28.08818974494934
54.10688731912524,15.385012877732516,65.36843308918178,222.16790232658383,8.258572859503328,90.88148837089538,48.157854330539706,56.176841950416566
44.32387818582356,27.105493888631464,48.33169342838228,121.7526087641716,14.142178334854544,44.23641083240509,35.74677001237869,48.304615354537965
45.6415895903483,27.847792226821184,68.56106497049332,94.508412687527,12.38805056642741,87.92576355934143,60.45720055103302,28.75750731229782
56.02719606645405,12.864305841363969,59.20059355199337,74.30069392593578,13.34900676086545,102.44953045845033,46.85619530677796,33.493404877185824
21.05011845054105,27.939433038979768,87.81954271569847,200.37970100343227,12.74263563081622,65.41844394207001,38.15807789564133,45.097478687763214
38.64128547199071,24.78507965505123,43.76564656458795,222.39048857167364,8.91642041290179,101.44179272651672,59.016887390613554,39.634233021736144
49.76368453893811,17.18774840030819,35.86166203320026,135.70344104766846,5.211479385849088,138.014395904541,47.59472547769546,48.37203884124756
54.37425522878766,13.161387054622171,71.41170074418187,143.06031773090362,10.33517581783235,51.76892867088318,36.3263976931572,51.458483242988585
67.13309454079717,22.44547112826258,96.35232583954932,105.38600741410627,5.624689378682524,126.11076111793518,30.166684722900392,60.60124480724335
50.90596850533039,26.897505001723765,61.9529650978744,188.4098079681397,12.314541724510493,133.05464544296265,42.09715245962143,57.32128055095673
66.21771494802087,28.166849438031203,82.85548746809363,227.58815519809724,11.978075554408132,87.58728623390198,71.11919250488282,35.7510267496109
61.51733793132007,13.61994666736573,39.05182011649013,197.3342735171318,7.622124342340976,59.750721955299376,51.9798965215683,25.08414282798767
33.42802269076928,19.90869212038815,83.68828767761588,124.46903964281084,5.269244446698576,72.90696067810059,68.30800757408142,24.463268315792085
60.182107862643896,23.550559697370044,99.0970178976655,155.295797932148,14.381682560592887,87.44216384887696,59.579762601852416,24.08333150148392
29.805090591218324,24.838912004604936,85.87952342182398,153.45311423540116,6.708760233968496,74.26041080951691,70.44670596122742,61.62180956602096
52.23301878422499,11.43285047803074,91.99160477221012,180.3144633412361,14.029418022930622,125.61821303367614,33.34670892953873,54.24589389562607
50.27274722065776,28.251461290195586,98.47310944199562,106.28893868653104,7.633385277725756,123.65805759429932,59.77118821144104,43.1163126707077
50.422731064632536,16.24403358604759,35.4341967612505,98.53959507648833,7.154113655537367,138.78038234710692,45.05440766811371,23.38188807964325
40.4649820305407,21.69499032115564,97.58339178189637,169.6400081396103,14.440625071525574,110.00638508796692,83.86055746078492,42.52474149465561
38.922888128459455,26.557421060651546,85.64565498530865,130.24007332324982,6.043252854049205,72.87127645015717,43.80588636398316,41.31799800395966
47.66379081625492,26.46328832693398,72.70556909516453,159.02807115316392,11.220451987162232,133.2320758342743,44.00238864421844,53.36192280054093
67.29629368092864,21.76677174293436,92.87363246828318,228.01704111099244,9.637377510778606,106.91804883480071,59.53344521522522,45.792138397693634
32.76918722325936,23.86302357465029,96.74500958546996,99.58387135122902,13.534691867232322,73.62158544063568,66.5373539686203,28.750786900520325
58.935922467894855,26.23677081763744,86.58003073856234,212.01026775836945,9.46784177981317,50.19182134866715,43.51675456762314,42.2831878900528
25.425072095915677,16.54264274518937,74.8695196904242,212.6218552350998,7.219870286528021,89.24208798408509,32.15365086793899,34.755712234973906
40.4331818677485,23.0690154556185,32.0696154166013,140.40307686328887,13.923686536960304,118.40705127716063,33.46743425130844,30.85289150476456
40.75265399012714,13.900413636490702,50.46499195471406,99.48103915466928,14.596997284330428,70.32369048595429,54.07786407470703,40.73891966342926
46.60001889951527,23.65440373849124,74.24998203068972,100.43209839598276,10.373814153485,128.6896207332611,86.28935556411743,32.96821999549866
66.47579944487661,22.98269153367728,84.35712359324097,131.06623789072037,13.119577171094717,84.803537607193,65.05002131462098,48.98737621307373
59.7583055453375,21.24459932539612,94.99242536872626,161.58988122940065,5.719385009910911,117.99552235603332,54.89579679965973,58.18791564702988
64.08607390429825,23.90859244056046,77.69690796211361,123.3293257251382,6.777678968198598,95.01600422859192,74.20484182834625,43.26272150278091
31.61892673186958,16.237035050429405,79.34735532477498,206.2372364997864,6.959002686105668,87.41646418571472,63.79198911190033,24.939614099264144
61.81444113515317,20.5242022478953,74.61886404827237,112.25977100930176,9.240945367328823,114.25694861412047,38.58797026872635,21.65777743458748
22.692254458088428,20.679642165079716,92.33338003903629,81.92054181355051,8.359930006600916,59.84080443382263,60.76495807170868,26.99625779390335
55.30003279093653,13.996492527518422,85.90267562866211,96.37685437011532,13.067571019381283,134.0464629173279,54.22023966312408,29.78898731470108
54.05472274683416,19.944470354914664,66.73008138388396,191.30934624671937,5.971406829450279,104.54516210556032,49.80321604013443,44.28527743816376
43.82871875260025,11.746173048950732,87.61847407892347,138.0871682405472,11.968407095968724,122.72951765060424,81.49248530864716,45.391362166404726
38.76819234583527,18.68655520863831,79.42203168272972,139.51586726903915,9.689285103976726,58.01460304260254,33.95099045038224,59.755179810523984
56.63182745631784,20.69120475575328,78.15758132115006,130.80723177194596,6.002122454158962,89.69772152900696,47.44255146980286,41.20695559978485
29.99376356424764,10.200194217078389,42.194773469865325,189.0612767219544,12.363168594054878,99.56510102748872,79.69275240898132,59.16834372282028
56.72646365724504,27.499101989343764,73.90694153532385,170.06488929986955,8.978981627710164,117.66820600032808,43.57929729223251,46.15257307291031
43.42298603001982,13.672246520593765,92.13709680438042,108.65252175456844,5.140818956494331,92.22050650119782,80.21766905784607,24.788478016853333
30.65954404752701,20.334439673274755,80.05224362537265,146.63309359550476,12.913887040130794,121.83096041679384,44.56132142543792,45.06488699913025
56.36335120145232,10.998229795508086,84.5077803350985,157.62841513156891,12.550489065423609,72.05282530784606,30.93266805410385,30.892236518859864
52.51887244936079,15.444448848441244,43.77317968644202,186.0970564723015,14.786935839243233,68.20983428955078,56.39081451892853,31.348351860046385
34.656820721831174,12.288784007169308,54.23688501380384,88.3511490416713,5.879322681203485,127.36526226997375,85.76474609375,25.24539008140564
60.93365008160472,23.09891802184284,75.07449486032128,168.20455704927446,8.310095452144742,120.4840398788452,34.30898833274841,40.89661378860474
57.0321941440925,13.992141270451247,58.41017444506288,103.8168090833351,5.455054628755898,44.338938045501706,36.41600211858749,34.808189475536345
30.94028699724004,15.52176468577236,97.89306809604167,133.76773697137833,5.181418319325895,132.91692357063295,68.57785642147064,28.57422705888748
28.137931174971165,17.923734167777003,89.82271031588316,158.2642450928688,10.365146539360286,82.21727809906005,28.69210398197174,58.92481379508972
66.0318393567577,16.913810929842292,64.94794439226389,187.55940319299697,10.333126015402376,119.72949438095092,51.7168315410614,33.854215633869174
32.245468956511466,19.737381004169585,70.63524174392224,168.7362431526184,5.824989340640604,124.64548354148864,53.60818266868591,25.561075603961942
62.40996138881892,17.084548949077725,55.64538095034659,156.6014899492264,11.068486324325203,110.16574187278748,83.71877708435059,50.50006054639816
44.41468378379941,19.8460689406842,89.8815116353333,132.06861753463744,9.471371827460825,121.43286967277528,61.93692551851272,57.88795274496079
48.35796727780253,17.79366692658514,36.44732061959803,227.57647700309752,13.593723655492068,121.67020120620728,32.309211015701294,27.09641684293747
66.31814229898154,14.482434868998826,37.6201129861176,167.67590922117233,11.180066799372437,124.36597185134887,73.26353619098663,47.93980646133423
25.74238651888445,21.67220569811761,86.41387293338775,116.68906933069228,6.155778801813722,104.084552693367,61.49204558134079,45.16312382221222
50.34201981388033,17.528314592689277,56.53739890791476,112.03027064842172,7.887303556036204,132.4167197227478,51.26457787752152,36.43265609741211
57.089031942375,26.576710567995907,34.768113729730246,75.93774771061726,13.08342084698379,110.23269143104554,84.46121506690979,33.033555996418
60.61424173600972,18.286506087332963,80.77219521328807,117.95551895257086,8.641847923398018,78.0748015165329,75.24879274368286,50.57306990623474
56.1055964846164,19.14769589863717,65.8158860988915,113.6226404550951,8.76014707023278,90.71513075828553,34.85415403842926,45.44453057050705
48.64890882205218,23.03032520338893,74.7284921631217,162.7142129063606,9.806669582612813,121.91727662086488,60.92229335308075,38.17714533805847
60.32525273170322,28.56555714868009,50.58200223185122,218.3501904964447,6.101165648922324,99.8613224506378,57.488562726974486,42.95782846212387
61.36276202872396,22.99819600507617,60.58292961195112,141.69508464336394,9.445370401442052,87.2267050743103,77.21278035640717,38.90155292749405
64.95153207480908,12.77111357487738,47.564467172324655,146.26310149431228,10.339639167673884,85.05292448997497,74.51047430038452,55.08414820432663
40.51002053879201,25.426305662468074,57.01013092882931,210.7662551879883,13.844964995235204,57.006469666957855,76.75981574058532,56.35050525665283
40.170340093411504,10.48071323260665,50.29833680689335,98.15583873074502,12.97605214305222,46.86348092556,66.88093280792236,33.18458354473114
43.36239000633359,19.394255379028618,54.47028555683792,119.9805424451828,8.710555061139166,85.53189358711242,63.0489120721817,40.79925632476807
33.573890342377126,10.386298558488487,73.68607849553227,126.17446802854538,12.866900737024844,133.7447238922119,78.6225879430771,55.05839531421661
54.95299045257271,15.39945517666638,88.29051452875137,155.37177195549012,10.931879886984824,44.97731416225433,45.08716697692872,44.085768938064575
55.654643192514776,21.55984427398071,90.17269305288792,106.15500312633812,7.436304921284318,96.26775741577148,81.76898455619812,33.611503422260284
28.05114493202418,22.849555919319396,65.8981095969677,107.31860428242943,11.246138762123882,68.13034646511078,36.83856365680695,51.38939652442932
61.80268884412944,10.484315493516624,66.53283302485943,215.4360586643219,11.900229894928634,80.29854640960693,29.97187733054161,59.81898939609528
40.69085437115282,9.584187147766352,69.8653918221593,150.74894773960114,9.82772813308984,115.59359464645384,70.73625383377075,30.437369805574416
28.41495422013104,20.47289407514036,58.68267861604691,200.7866330742836,14.647189847566189,104.24506313800812,57.77646789550781,25.69454661011696
67.15519414804876,24.71746566689108,95.05017670094966,132.7064881324768,9.642465191707014,132.4898247718811,83.63689970970154,31.065234780311584
62.0374871218577,20.64613906815648,83.98860853612423,152.38636540174485,6.358640387374908,86.6990594625473,73.85441617965698,54.9844274520874
47.55708832349628,22.19374018162489,97.83075112700462,171.09059522151946,6.7082210640423,98.34073264598848,29.369030141830443,32.1583167552948
56.48018537294119,24.07145833685063,98.11573682278394,160.93463814258575,12.655367255955934,77.35332384109498,71.46715846061707,32.598945832252504
43.34384363815188,24.302731824293733,33.78681022636592,131.34508283138274,13.503567495010794,50.10947380065918,84.17275018692017,28.15768449306488
55.5615738062188,19.49338986724615,74.93846115097404,204.13362995386123,6.7754127562977375,87.48018910884858,48.9473992228508,58.0458099603653
43.36250895578414,25.392467976734043,77.74395287260413,119.63184645175934,10.295032543875276,98.66220216751098,48.01931807994843,55.90767872333527
52.48428812194616,17.318917367048563,39.92451822012663,90.63053156868554,10.247258128412067,81.57802290916443,67.39061586856842,36.97479295730591
45.24329561460763,28.213704090565443,94.8630900233984,118.60156583786012,11.141688890941442,54.58574196100235,75.41548938751221,49.35003718137741
61.37742439117282,21.738772654533385,75.86951311975717,109.65239397278056,14.063230525143444,48.1163902759552,45.5125534415245,46.68578761816025
23.64942058445886,27.620600686594845,46.9716474853456,167.2684823989868,12.504127293266356,68.90698945522308,86.5030071258545,33.39468070268631
21.01142081031576,9.81560580600053,63.70231230519712,176.76311848163604,9.124660269729793,119.57412250041962,35.73089280128479,53.91065365076065
58.23939383029938,22.51453653499484,48.80681462809444,144.85683047771454,7.419757191464305,111.51746039390564,65.7417572259903,19.775915843248367
27.954108686000108,21.16769430525601,37.66357727274298,213.8690003693104,11.04711296763271,126.40981101989746,59.76827884912491,57.170827054977416
54.11253885123879,26.210176499560475,57.50158224143088,203.97632884979248,7.320717526599765,51.01133296489716,53.66418912410736,23.222417044639588
21.762817901000385,10.682963330112395,61.306119225174186,154.6930373072624,10.49711904451251,75.3305391550064,67.48739998340606,43.38552329540253
37.0750465088524,17.031631402485072,87.57082425355911,188.67767473459244,10.806596312299371,82.08073935508727,59.815107345581055,31.9667068362236
57.81324364859611,11.331566690281033,77.50861661732196,98.80208043525928,4.832441390492022,45.13807017803192,38.64324312210083,56.477440452575685
29.99567725788802,13.906388084590436,87.63509054854512,225.7442950904369,14.246245056390762,111.05908348560334,33.314696836471555,38.64176307916641
40.16523345764726,11.5621339796111,51.91532406285405,101.78506561657414,12.978765604458747,82.26190757751465,40.65792102813721,40.38099479675293
43.168026679754256,12.582440773583947,62.44036781638861,190.3369735598564,6.459086240269244,98.07250225543976,50.83375910520554,35.70746544599533
53.72193497940898,16.792879792116583,60.29067195020616,218.81073293685915,12.506980898417533,50.902994465827945,37.35923659801483,41.08524107933045
44.742831519432364,25.27368053905666,57.6925005570054,121.85474672317504,9.77234578691423,95.1989089012146,70.04503870010376,48.44127982854843
55.14999228287488,27.63658106178045,80.29657959789037,137.74846502542496,6.98139655329287,59.40356991291046,79.66783065795899,30.46018886566162
29.1522563604638,22.89069922529161,96.0725791797042,89.50052810907364,12.706178447976708,54.92092237472534,42.65975677967072,36.3420490026474
50.48703063968569,27.293275245651603,32.57092424370349,114.4570328534115,4.812330152280628,48.79040172100067,43.38129718303681,54.003012561798094
31.48143099369481,20.4941150713712,57.19659396000206,208.25720974057916,9.232704060152171,98.5742998600006,46.14270504713058,40.305159986019135
37.96538003543392,12.862893849238754,54.42929966337979,146.54803434610366,11.935835938155652,49.23939414024353,74.0974051952362,52.077234101295474
22.689116037264466,27.64194191135466,72.38860154747962,196.9003474473953,6.62949222177267,101.7100206375122,55.71914668083191,21.135677182674407
39.10230047609657,17.839600720256566,58.48030474707484,199.46695873737332,7.184897797740996,94.82400715351103,85.73271205425263,53.937123930454256
53.24459149837494,10.212637704983354,68.67611678391695,107.5103931536898,13.289396450854838,106.93055164813995,49.85929809808731,49.33301844596863
65.9304866110906,13.72929227091372,74.7218877978623,183.4292464375496,11.680548709630964,43.06210560798645,35.71477953195572,27.13847420215607
61.09566660169512,14.751690691523256,92.37598910331728,91.08241269667631,10.145610004849733,70.96200730800629,41.27822843790055,60.22677900791168
23.809981415700168,25.612327367067337,76.42405376136303,78.45447044172325,4.949179407302291,121.295787191391,40.179337525367735,54.98713867664337
28.115277219749988,27.22052377648652,62.17533911652863,74.34857109924778,6.336915784049779,85.77405815124511,72.29869861602783,60.21210906505585
32.53140039006248,12.267570781894028,44.29078598245978,137.53231799602509,5.979308784846216,68.49128494262695,64.32592079639434,27.451654303073884
67.41807612329721,20.98554774220101,67.82317268624902,218.85017902851104,13.30683248285204,133.61919169425963,75.99979963302613,36.22661616802216
21.715851527266203,24.4169450532645,42.783263966441154,189.2477961540222,7.58068532878533,62.77712805271149,50.69097180366517,44.91826753616333
51.18955987431109,23.51747482530773,35.691629281267524,79.56674127816223,12.717764909751711,97.95858302116396,86.64739036560059,51.7094310760498
43.48599790614098,25.361529752984644,72.31313295662403,133.43969756364822,10.860830377601086,59.32290802001953,46.03572971820832,33.70363891124725
41.28084560222924,11.446491043455898,93.39364270344376,106.18808126011864,5.831061879452318,130.32899770736694,39.30110212564468,61.92784130573273
56.47800172436983,17.27945764567703,45.95407961271703,198.26566704511643,11.792145680077374,123.57110438346862,70.47129344940186,30.28267331123352
52.33636727649719,13.373905920609833,38.408541747927664,156.5566957473755,12.248544701375067,70.056316947937,85.39453654289245,42.23220742940903
25.212201660033315,20.81214791610837,89.64043759927154,87.4947603648994,9.488411320000887,115.58967418670656,30.47061346769333,43.95756869316101
66.58642671573907,9.15128218540922,75.09323881343008,122.56108317244798,5.620747382752597,131.73161673545837,72.74595263004304,46.3768128991127
44.40083120912313,28.393635757267475,51.75760387778282,123.09487894773484,6.414415974076837,95.4117957353592,85.29355986118317,20.39567904472351
48.13571367543191,16.608374723233283,38.294974372163416,105.0039332519751,10.3779768332839,62.95098283290863,48.8148411989212,32.09620110988617
36.407229501288384,27.73557649925351,72.6965941414237,210.78526277542116,10.918220898509023,134.15119066238404,87.43892977237701,25.4248920083046
51.18478355202824,26.65120588056743,64.38904772475362,76.00997519427911,8.582693876791746,59.0811007976532,44.16280107498169,21.28251905441284
38.88067720029503,26.187587486952545,68.80517736896873,88.33506264495664,11.910194317437709,73.76723530292512,63.54559588432312,36.83868643045425
26.094566371571272,18.425033822469413,58.397367648035285,130.94979411363602,14.160268499329684,43.277041006088254,75.66576521396637,59.91070992946625
38.17539011724293,27.371742767840622,84.41526895612478,195.22254086732863,6.87914020922035,46.71708167791367,42.93509566783905,54.61156626939773
21.682009705435483,21.635460016876458,51.16238884665072,156.78866177797318,7.529708054568618,72.17404601573944,82.06381118297577,59.83269361257553
51.5866308292374,14.407389739900829,69.02221019789576,74.78778603929095,5.541114596277476,97.02533497810364,69.14380683898926,24.099273371696476
35.90047614201903,17.622553778998554,42.61760917976498,143.81935245990752,12.134779408946631,120.93981332778932,48.40188953876496,30.925391459465025
65.21614622101188,27.125651114527138,73.30561544969677,185.9946397781372,8.301208746805788,125.52976751327516,56.09687039852143,20.02589389085769
55.44070168696344,26.190438583120702,70.21390909031034,180.2806038737297,13.110050457715989,53.71033037900925,73.47805092334747,49.93679168224335
40.73054665904492,22.001425578072663,71.87647798880934,105.64876180649736,12.584655999951064,44.0776288986206,52.63974096775055,55.42650172710419
49.59843364283442,12.423505829833449,62.38353398926556,129.77950925827025,4.854816749133169,128.3132426738739,50.904375958442685,31.966083645820618
51.41298964899033,25.857183857262136,35.4569384586066,213.87595027685165,13.834647173061969,131.08158378601075,46.38082568645477,49.44369606971741
35.785115076228976,17.202955069579183,94.13983336612584,183.22145208120347,9.336390850134194,85.65398087501526,33.07104499340058,32.80683898925781
65.17954127602279,10.150102042034268,40.58221183642745,148.51601029634477,10.317825423553586,129.184236907959,53.69081209897995,39.23807859420776
35.17218069983646,25.06068635508418,88.253089184314,124.90889718532564,11.381055576168,109.23384952545166,66.14689283370971,59.49669841527939
33.61565704373643,25.4080880548805,76.72161821424962,129.70312925577164,13.529201298207044,80.02235941886902,58.905133318901065,43.372105717659
57.543130167014894,18.98198965135962,45.14671957083046,215.9319315195084,13.27510962560773,101.46249585151672,87.36419157981872,29.55092058777809
39.61339471135288,27.90351852290332,60.44328653253615,192.6001324892044,10.548615649715066,107.13568782806396,33.55517263412476,51.69112273454666
55.47757242247462,25.591267090663315,42.46180826276541,174.08434923887253,8.012438020389528,72.87226922512055,56.23671498298645,29.82174917459488
36.09459914248437,15.601978384144603,95.35871442556382,101.30918172597885,8.751517189852894,99.46568505764009,72.75021703243256,54.62154550552368
59.03880638685077,16.26586783286184,37.15847566500306,131.12554045915604,7.53898745579645,95.18695199489594,83.05168964862824,41.359405755996704
63.72857804168016,13.722479002643375,85.78490557745098,174.70451852083207,10.757080706767738,128.83100123405455,63.70507657527924,57.5019037604332
33.9560353115201,28.52560685761273,87.35779730528593,107.4197283577174,6.044545239768922,127.42339177131652,53.72226705551147,20.45553475022316
26.89818794513121,24.32534696497023,69.91199406683445,202.4105305582285,11.304921821318567,59.43943281173706,49.96917145252228,50.4182453751564
49.08875289410353,10.309241515770555,33.658090034872295,183.29944845438004,7.21707573197782,133.21893906593323,70.53112969398498,38.67009055614472
30.388779683969915,18.3026401380077,56.8401480961591,79.094286085153,13.976232688501478,58.59922633171082,47.35154438018799,27.740815901756285
47.29268833156675,23.917361696437,56.14564774073661,205.0733777880669,13.673882848396897,129.749844455719,29.62185624241829,29.76396480798721
48.42831086758524,23.82186039723456,72.39079004898667,157.826596057415,13.769844373688102,48.931187224388125,53.524953842163086,55.9852082490921
24.742936385795478,27.609826532006263,95.76124304905534,130.99881000518798,5.590003305766731,126.46564812660218,84.24778156280517,35.48716578483582
27.776717056427152,21.25999158732593,87.9345804028213,150.02670123577118,9.333631669729948,98.99071650505066,77.44076340198517,45.547591304779054
45.65718163475394,26.13895357325673,51.15639859437943,223.7144289493561,13.429899531789124,45.675330591201785,43.480079245567325,54.68482594490051
65.31279613208025,22.89022335447371,77.93654996454715,211.7685263156891,6.561815780960023,63.0442255616188,32.231603705883025,50.8958026766777
66.57639021910727,9.16497829183936,80.20163599476219,114.11280335253105,4.918102070875466,115.6402363538742,65.28761870861054,52.80362831354141
32.616965694539246,11.997210000269115,57.25573822408914,82.00492066582665,12.300776973739266,114.933247089386,89.31007022857666,37.91987859010696
56.17647361233831,18.046944349072877,72.13597400486469,179.0835850596428,13.069860199652611,124.31537251472471,35.203277027606966,29.22466294169426
39.79426226876676,11.712613010965288,54.18515621721745,214.5834612131119,11.008156184852124,59.06874308586121,81.91836953163147,55.936663401126864
25.026431616675108,14.445536297746004,54.018006439879535,207.1563749074936,13.046748994849622,98.27884812355042,83.24386570453643,60.52133293151856
51.80838675927371,11.566935357265177,96.64856169223783,197.10537732839583,13.480407523736355,75.93919026851654,76.82468647956848,55.21909109354019
31.34624727461487,18.181119162775577,65.72089011594653,221.15374438762663,11.091059092059732,117.60592744350431,79.7154884815216,31.789269828796385
62.20513797383755,12.981310973875225,41.815435101091865,158.2673283457756,7.181636380404234,50.21068286895752,81.5510323524475,25.476516664028168
62.64812270794064,11.909794117882848,81.4595902606845,179.47968353033065,7.435395798739046,93.50196719169617,47.39353705644608,47.60590401887894
33.27754549048841,21.159968983009456,61.14693846032024,214.15842745304107,11.951381395570934,71.51293210983276,77.98232400417328,57.87325564622879
23.45300547489897,28.13852720744908,68.06079630553722,162.57787380218505,14.04430793337524,107.9804435968399,74.82418956756592,44.01600617170334
39.13087981641293,24.560608011484145,59.38735254071653,123.06254284381866,11.441381312161685,86.6011518239975,86.80044264793396,51.98817418813705
41.728213345445695,20.695340429618955,39.60169811882079,84.7203538512811,11.65895228125155,94.36419286727906,37.35407989025116,38.595176255702974
34.444033375754955,23.424785118550066,67.2768137410283,155.3570829629898,7.801961814798415,70.22966089248658,86.07798581123352,51.79247226715088
27.573720994684844,18.82049233876169,52.50782908610999,98.0651915962342,9.028613219503312,77.96688523292542,78.88717584609985,38.95730533599853
28.82451192447916,20.300985258445145,71.8700066998601,195.0737673521042,12.581901146844029,106.38941624164582,70.88220467567444,40.7314918756485
58.97062683217227,14.771786044351757,55.87334356382489,113.17727181878872,5.301319726835937,85.73708689212799,76.93786196708679,27.71178168654442
58.231172939948735,27.45292509570718,96.79503515660764,143.56875351667404,9.813340352289378,76.57947165966034,81.82002820968628,56.27933157682419
33.621059452928606,21.18794665671885,77.92348498106003,88.14184748772531,10.772419838421047,68.69704229831696,47.17308242321015,48.58803460597992
46.971990677714345,21.467479569092397,66.71588468626142,169.21281346082688,5.4944334419444205,88.34628376960754,48.69539662599564,46.706234228611
50.84288207925856,24.26223248206079,82.94276565983891,168.3589301109314,11.872843783162534,103.6869219303131,70.80255002975464,57.28797733783722
37.749423342570665,25.98629985190928,76.21663085520268,215.48712993860244,8.202502581197768,55.777086520195006,34.254993200302124,33.25636601448059
53.11763128470629,18.385119660571217,59.50995262861252,171.7599444270134,9.89796518534422,119.6954069375992,27.66968477964401,58.405295360088346
65.06766414493322,27.52067753188312,80.78074238225818,218.5303420305252,10.770280954614282,57.13198914527893,70.83954684734344,21.44162197113037
61.71880137324333,9.653663937933745,43.12091862857342,181.40301439762115,13.14663474112749,116.06608138084412,56.50236207246781,38.88895180225372
61.60865038484335,21.531603303924204,37.77586193643511,165.17409703731536,13.675346826203167,106.85555708408356,57.90185933113098,52.95229805707932
55.300376067124304,16.736592022702098,48.37223659567535,150.91549243927005,7.076545716449618,51.867596459388736,52.07604768276215,34.83515639305115
26.102126353513448,28.66355799995363,93.3663228839636,171.97700128555297,5.7630435329861935,45.717570424079895,59.739760637283325,22.05539572238922
23.66000333344564,25.171478475257757,96.47874308004975,89.47164883408695,11.563925569318236,52.59673023223877,81.3795910835266,48.85079236030579
67.94643179252743,23.35476248513441,86.8004225127399,156.28175182342528,14.427386194095016,97.76715502738952,83.34359660148621,20.510906958580016
22.708235269039868,22.435171427950262,55.752753055468204,113.11322183609008,9.162470238655803,135.47144708633422,37.17238345146179,57.79237540960312
48.41706942245364,9.809098786115646,54.30686506479979,202.6195373773575,11.647968993894755,108.45066940784454,40.11980855464935,47.69076846837997
42.88405650500208,17.951406531594692,74.83807509541512,174.91224913597108,9.833624450676144,87.86508276462556,69.77130184173583,19.97377790212631
50.60961629226804,25.380400085449217,49.793890570104125,185.80328102111812,12.935666999965909,123.2144714832306,79.9184520483017,22.37656807899475
37.481441592704506,10.245641797967256,39.74047511816025,101.92112250728532,10.33902116101235,65.59215548038483,49.01384060382843,40.02981762886047
23.961986572761088,26.66718427464366,42.446841397508976,73.94049067161977,6.7880320670083165,112.289532661438,69.71715114116668,53.72886714935303
48.15269804019481,16.594409207627177,36.47369627505541,136.0223244190216,8.679922987800092,115.51769108772278,39.47482192516327,55.51768736839294
42.8743916625157,12.428487419523298,66.37024989947676,201.6151963174343,8.030442022997885,77.03605198860168,68.20718746185302,23.860627788305283
55.33780011609197,19.137485118117183,78.86232874542475,180.6563772559166,11.1165701251477,120.61834197044372,71.55433113574982,35.66716370582581
65.14821317344904,22.556808860227463,91.89542647376656,119.69255334055052,13.564270059764386,88.50614032745361,80.72465176582337,39.9505419254303
39.50981330946088,10.359004751034082,85.76256816461682,109.89300412246958,11.555521267093718,107.16195809841156,54.67164610624313,60.13859220743179
37.15629990845919,9.481696845404803,66.01614837013184,76.49585896725766,9.760225708410143,133.88646669387816,71.23267619609832,50.80210425853729
21.063905602600425,9.873333118855951,53.21019285209477,116.36229734420776,11.854077897779645,105.99759941101074,42.21005425453186,53.88555610179901
64.44186435006559,19.09712534546852,42.283630184084174,126.56925957202913,5.234423605632037,79.85430183410645,35.86575529575348,53.853828358650205
26.796940044406803,21.25024872645736,95.61304698362946,174.79558535814286,14.184499283321202,93.9563318490982,54.40433348417282,43.93974286317825
31.04606853518635,17.3498379310593,41.30403272025287,209.651899766922,7.585175229143351,77.72241475582123,62.023444819450376,31.44217703342438
57.28269351832569,27.863376718759536,87.59393604323267,152.0425190091133,8.119413719233126,59.78333839178085,71.21926820278168,43.79154082536697
37.31857564896345,11.124185593985022,92.1997294858098,201.89978606700896,13.832742772065105,104.77958192825318,30.43734761476517,33.93991233110428
48.0826624210924,12.236243671551346,48.3867329441011,197.152715587616,5.917400870658457,49.71569738388062,58.65823948383331,51.22721147537232
36.0915878277272,13.673275370150805,82.33152249604464,221.2178508043289,4.9037717105820775,134.89780535697938,56.77029596567154,48.51421611309051
63.31336873155088,15.514726638048888,47.287660010159016,160.7800976037979,10.223066042736171,128.75656228065492,82.79690606594086,32.809572064876555
37.30595610290766,26.417440747842196,46.30399463139474,73.29511143579148,4.667952278256417,67.36258234977723,73.70546498298646,61.30366325378418
51.48549665082246,16.676701898500323,70.25496833324432,203.28975380659105,6.848690533638001,99.11733503341677,52.83037285804748,37.595804524421695
53.377587851881984,26.06535305157304,34.97853613495827,114.85651114284993,10.57895454838872,77.99953980445862,78.73295259475708,20.7897562623024
35.47952506281435,16.239941088296472,52.28538116887212,112.16859842510894,8.96560359755531,67.98565034866333,42.54442584514618,54.447075152397154
27.863455949816853,26.043176839500667,41.036040381342175,185.3480124115944,5.942162728589028,62.11983625888824,70.58584516048431,39.83483129739761
24.96508178031072,14.520280886813998,63.57813683152199,203.9259467288852,14.180216327309608,83.76254756450653,80.03457190990449,23.938272589445116
42.41332383342088,25.05662559196353,75.69924602136015,134.05187686681748,13.88257675729692,80.44365394115448,59.50869977474213,24.52052299976349
22.171072077937424,15.501469580829143,59.28859028853476,153.43171991109847,6.394339154753834,135.5212695121765,74.79946246147156,27.488828706741334
43.86129876598716,14.756533722952009,93.94743725955486,87.62453810959123,6.615218982845545,105.81581201553344,48.61133704185486,45.23407256603241
59.90054162368178,12.357147623039785,51.01322201006114,150.99625473022462,8.644595962483436,63.31256256103516,37.7044526219368,46.97456662654877
59.02661926783621,23.228461170569062,59.06418017484248,208.7267331957817,13.623176620341836,52.41792182922363,77.83869466781616,49.01145701408386
26.397666046116505,9.48941977377981,86.63794842734933,232.48548644781116,7.022414865717292,136.34888758659363,38.55489799976349,29.320137250423432
31.63034678436816,9.11596948262304,67.91514227837324,85.86318116770126,10.935312950797378,86.47483153343201,55.01886775493622,55.02276937961578
38.81726911105216,23.64937276877463,50.96752482838929,112.44697309448384,9.448505776561795,48.59975092411041,42.71044266223908,44.45361642837524
50.59856524597853,18.543938350491224,39.9578192062676,189.1696098446846,7.716304241679609,67.17801170349121,61.95304445028305,59.159303712844846
53.63497468419373,16.03836022345349,93.81295753642917,142.0912588119507,8.752802430652082,112.28253591060638,81.35767681598664,48.56513458490372
54.2726789996028,19.79018795602024,40.58363975174725,113.36451104497536,9.78452085070312,65.12241814136505,67.93486196994782,40.79162487983704
60.00380614362657,11.678215017169714,64.14210899844765,193.7357987165451,10.1708522092551,42.501393628120425,54.89380695819855,27.051210594177245
44.336103910394016,17.052153056301176,51.46936104558408,161.8896273970604,8.314410746749491,113.8240082025528,41.37377161979676,51.821594548225406
22.44735013647005,27.017630197107792,63.38543175086379,183.7210755586624,6.254153151717037,130.49970417022706,71.33366847038269,58.1917889714241
34.81064934944734,22.598712135478856,75.26299910098314,181.85184347629547,12.288170680589976,74.9635036945343,70.08600413799286,29.440937143564224
29.197786094993354,14.733294725604356,67.2370403625071,193.49890838861467,9.179430154524743,85.95223979949951,79.83193092346191,56.19453860521317
54.544082316942514,16.635547474771737,64.54881689995527,85.28509631622583,10.47343237940222,78.32655382156372,54.75898263454437,27.34632728099823
61.82162118181586,22.656159979570656,62.66389256566763,134.8368861079216,14.689730682969094,115.47144894599914,81.65981216430664,46.73119142055511
59.20806717220694,17.99485343322158,46.167557034268974,202.15106664896007,7.086907496768982,104.66840863227844,29.886798948049545,43.18381963968277
21.561008598003536,11.171630984172223,88.90674977600574,146.99527719020844,5.744364508334547,50.89248361587524,37.76962015628815,26.63901823759079
38.23212687578052,19.29355511497706,33.11777331866324,101.6593162402045,6.819489149935544,71.76892166137695,87.15851154327393,53.282982277870175
59.51657035630196,19.84547517299652,54.381104202196,91.94499454055912,5.723159410525113,95.2111032485962,29.91039159297943,42.27584764957428
58.21714865025133,17.940427703224124,43.490638331323865,116.19280273914336,8.634847704414279,133.14578857421876,38.50003806352616,35.79555377960205
35.630890739150345,13.994231318868696,90.2731657639146,207.14729652404785,9.35451983436942,53.49894659519195,78.4087602853775,48.57428040504456
31.596217406447977,27.123183817043905,60.40973266810179,221.30740534961225,5.462399643007666,46.70436695814133,85.92186601161957,22.906385093927383
46.57143150754273,26.97820484675467,32.71872558370232,164.68028103113176,13.086451833881435,74.75051290988922,89.10879707336426,28.83518816828728
63.41478378046304,21.45710004791617,42.40776291415095,127.71279002428057,7.727299926523119,135.3033383846283,48.17082376480103,27.73523246049881
38.414028748683634,9.705111516267062,36.98344891034067,96.72809910038488,7.325380241405218,122.82105994224548,49.26566109657288,30.729167175292968
51.36310894135386,15.287830984592436,47.95515711270273,77.38553260522895,13.38952375408262,114.07044939994812,59.50730683803558,21.478681671619416
36.44114565048367,25.454688579589128,90.95576726198196,124.13335939645768,8.507338223885744,88.98563342094421,70.21933305263519,38.04073144197464
57.01526259128004,17.936565170809626,74.59850460365415,172.29222778081893,7.4717735788784925,69.61784274578095,82.76242203712464,61.40069296360016
36.55287069492042,19.919318797811865,71.75150484964252,144.19772038459777,11.096031917631626,129.30554885864257,61.03342410326004,42.35437424182892
60.407962223701176,23.88977203518152,48.32917650118471,97.5358635789249,8.617137216869741,94.79028587341308,29.73258332014084,43.77731790542602
40.79006658345461,13.194288871437312,47.32177479267121,154.3885813832283,12.448977363854649,133.5568911552429,38.30624685287476,30.13501929044724
51.67219529263675,19.380686442926525,93.67245965451002,224.78339009284971,13.780571247637273,92.94863965511324,54.21267597675323,22.950004476308823
64.83198935147375,18.8777061264962,50.88463334999979,139.4709727525711,6.09147591451183,115.81201438903808,79.52227914333344,43.12833998203278
40.73393709287048,10.79975434988737,64.3661898445338,211.78807007670403,6.738527920842171,85.25943927764892,54.54867820739746,38.19578727483749
52.401128817535934,26.295016266778116,58.02932956032455,76.2602660142351,10.661003796570004,110.9089117527008,55.17951891422272,42.60227870941162
38.948085613362494,11.18663059603423,53.73657287843525,119.29109768867492,8.297102603223175,56.024310898780826,80.82238693237305,29.698443841934203
36.05757791679353,23.80126067213714,35.759754586964846,205.32393182516097,5.821266712620854,112.08690547943117,31.30998113155365,26.007637453079223
55.729389465227726,15.992252763919533,32.702257892489435,151.4081860423088,12.113647372461855,126.09091448783876,88.54174981117248,22.84627279043197
64.52628768589348,22.247649556398397,71.05611057505011,148.38161239624023,5.575745016336441,119.16436247825622,59.32989372015,40.04157931804657
22.543912032153457,18.417391047999264,85.23572430834174,219.970450470224,8.327889722865075,96.82404503822326,50.49550964832306,31.710421240329744
30.300148857198657,13.386195841431618,84.16309114396572,157.9676147580147,6.213459437247366,109.20414252281188,33.54244759082794,29.917218887805937
22.867375610023736,9.84786871317774,45.484238831698896,128.01965779066086,9.95629235971719,84.31683702468872,65.18396074771881,47.4330082654953
44.8712788676843,19.077364314906298,65.48618794828653,80.46760553880594,11.540347960405052,109.25418229103089,70.8788391828537,42.29536607265472
48.46699196845293,24.96401567012072,86.81180284842848,102.1223696710542,12.144604902714493,55.01587208509445,63.20195568799973,39.809434866905214
59.56070895753801,24.28078114055097,40.86092870086432,95.34695920259692,11.5098116196692,70.00316779613495,79.30807709693909,49.14117796421051
60.925081190653145,19.12056247144937,60.266932397708295,91.41931347320788,8.94379575746134,55.27498652935028,86.93449039459229,55.3916809797287
46.464284961298105,12.484031282924116,90.1356440536678,167.37443033456802,10.384886027872565,66.68715238571167,68.26773207187652,22.083600771427157
42.43987063504756,24.43230966106057,64.52339816018939,172.36165422201157,6.568737871944904,79.76961841583253,48.44495673179627,35.27621111869812
61.37140189446509,24.11535240095109,76.71075440123677,123.68109724521636,11.2470608972013,118.62748374938964,28.404928576946254,25.62887229919433
30.04799195686355,18.86857269238681,83.5016427733004,195.7279268741608,7.186945802159608,56.30101981163025,58.690501713752745,43.423262453079225
49.99992470834404,13.560963951423764,39.08582004159689,110.48462299248204,9.100741327740252,117.02892191410064,64.08314241170883,25.37465596199036
32.183669400494544,25.173124691843988,50.84895902387798,157.94514473676682,9.585614780150356,87.94762353897094,37.55826075077057,33.39509686231613
66.98412196673453,18.442137269116937,32.11980119943619,172.90067167282103,8.489146649744361,128.0328200340271,57.272997319698334,33.73510872125625
54.15226434022188,21.13162215165794,47.64536966904998,130.51536393165588,9.583839711919428,66.6981953382492,74.28521823883057,26.51096683740616
32.48589054942131,26.50609864406288,98.41221856102348,112.19408685234376,13.740300571918487,95.9398469209671,66.83344011306762,51.11661901473999
32.7994594745338,26.60502970069647,69.4783824659884,94.73707312275656,10.49358235206455,117.77264013290406,42.3802883386612,53.74135375022888
26.27581741511822,10.053919165953994,71.46289633587003,93.0624357322231,4.800697463471442,60.65319368839264,89.7457887172699,36.35216312408447
23.15686133960262,28.779230830818413,88.48939359560609,143.27937026023864,11.09302374292165,72.4119134902954,38.5179869890213,49.11790113449096
37.17499132435769,18.82665119525045,75.25625660642982,224.3612287640572,6.223276851419359,52.35391919612884,31.76818424463272,29.76625967025757
23.729709172062577,10.959641014412046,32.74428210221231,193.21415944099425,9.480148428492248,116.0155577659607,66.06686911582946,31.13582773208618
42.06720954347402,10.685002928227188,79.08039677292109,210.79787721037863,12.41149264127016,42.85006748437881,69.74636836051941,61.37295410633087
31.687194516137243,15.781663740612569,81.30138782858849,216.40479495376348,12.85098051968962,90.00747604370117,48.45745933055878,46.25578981637955
31.696131768263875,16.083196049183606,36.50993257127702,185.6416742324829,11.734044592268765,67.66818599700927,41.3951954126358,43.90520834922791
43.67331512514502,16.918868027441203,78.75088896527886,80.25071788616478,5.90601685140282,79.14331254959106,30.91157270669937,35.73551471233368
27.52864731233567,28.33123193308711,38.16540593877435,119.0654475569725,12.243964734487236,49.78505930900574,88.20475244522095,42.83679087162018
41.82614447399974,25.56139632463455,65.01252491399646,114.77270705127157,7.647684080339968,114.06479494571686,74.65645403862,20.79378028512001
66.27272011712193,13.162109212204816,56.63968511186541,154.6010551214218,5.138639121409506,67.3252475976944,47.43112313747406,56.41395170688629
29.97889129072428,12.528978105448186,78.91975569427014,95.42815228071996,10.385719100944698,45.4189178943634,56.01715896129608,24.60374050140381
53.34785679038614,20.414799432083964,47.65096593312919,136.36148725748063,9.421558829024434,42.41247034072876,57.349449467659,53.93835914134979
32.15747145498172,10.915915841981768,67.94796669706702,213.0577911257744,5.922161293681711,54.47734224796295,45.66654739379883,47.05832152366638
56.41425193808973,22.409077057614923,63.042538951709865,160.8717672109604,14.17868884485215,99.69055373668672,50.05832940340042,57.61371480226517
63.04617070630193,11.281883681938051,35.88599339537323,164.47889446020127,13.215591031499208,87.23233804702758,29.6076699256897,41.848279213905336
65.45298748258502,20.01329369917512,50.919649162888525,188.79548913240436,10.922649555653331,102.35812566280364,30.790530359745027,39.311243975162505
29.05625333804637,9.418736245296897,53.29473621323704,122.56137964725494,9.81768715530634,54.00885190963745,34.45654176473617,51.69229590892792
35.999574933573605,17.831033972464503,65.79904553443194,86.97457178048789,5.878658642526716,138.41160950660705,42.45742568969727,22.477144587039948
52.04556371215731,22.115372051671148,76.89863275215029,117.141510784626,12.738734273798764,47.42034747600555,77.80811734199524,32.92127420902252
36.11550237899646,16.15061241816729,36.18564734347164,171.89199329614638,11.128291193023324,67.1357896566391,74.32045331001282,26.775944972038268
46.96111847441644,15.79689129460603,48.616221754997966,87.17919605378992,9.65056843608618,46.03749713897705,61.99161965847016,36.0115042924881
38.64472671318799,15.496254580654204,48.22552442699671,181.62756559848785,6.744466062821448,104.9162181854248,58.429504823684695,21.79183988571167
43.58527220282704,18.645009804330765,49.32893426902592,83.337532772962,12.490621019899844,122.77015881538392,42.38540480136872,43.73459026813507
57.480369478277865,23.048148288950323,44.480449706688525,210.19441649913787,6.393770782928914,118.18094751834867,33.78462834358216,24.733896714448928
53.39673187211156,17.577491702884437,46.9578877273947,122.15557129383087,4.938613343983889,92.21051216125488,39.489799118042,27.21913561820984
23.25109372744337,29.27611382380128,46.17216139771044,100.07630184781738,5.632074936944991,121.19907441139222,32.07098211050034,21.805073523521425
25.300733094010504,11.611138295568528,91.53822555914522,168.6175726175308,8.937359432689846,88.64403200149536,44.79547715187073,28.0630220413208
41.0610176704824,16.086826344579457,31.85613705292344,108.55378923229873,4.954092322662473,132.28878393173218,35.14750633239746,41.58962025642395
50.08845621999353,24.765244770422576,53.21724603921175,90.884007719066,14.33572838436812,111.34358468055726,65.72497205734253,37.939553189277646
38.02884710300714,17.558196979016067,42.74161910973489,98.39570227391089,10.57948234193027,61.36299850940704,44.37106006145477,46.22029941082
47.32542019691319,21.6117436978966,44.304898319765925,90.09810073017142,13.7167782779783,76.66793332099914,64.5847511768341,55.78526427745819
40.9873206846416,14.227278020977971,91.429985807091,170.59004603624345,7.19288090756163,62.0582536816597,71.34364550113678,60.22358742952347
59.97377389278263,12.482536713033914,83.503030962497,88.10174479759299,9.91980299539864,85.95483465194702,52.13921511173248,59.70869954824448
58.828085279650985,13.031054938212035,70.15379640460014,175.61716117858887,11.712991663627326,117.52213356494904,54.37310540676117,31.28835207223892
37.336024172790346,25.77064309380949,38.29015825800597,190.79256737232208,7.079490746185184,55.86468167304993,37.48466829061508,47.99882786273956
21.257165041938425,23.30202674381435,52.89898149445653,124.8186681509018,10.814140131138265,128.77928371429442,30.87107681035996,50.19738421440125
40.38609711844474,9.873038924485446,47.61846192106604,136.749991106987,11.650382786802949,105.33888363838196,32.23076434135437,43.40415468215942
64.21560327839106,9.80942938979715,45.84092124700546,214.00195323824883,10.708320619165898,71.59331088066101,80.30810556411743,27.07567474246025
34.8420064335689,12.148796710185708,94.65674957484006,116.166424202919,6.928757021762431,78.01767830848694,74.88278722763062,36.81004687547684
37.85490133967251,20.26258955672383,99.51993015781044,77.71662211292423,6.676684779394418,129.86413798332214,33.654420256614685,28.83857109546661
106.2,54.13,208.5,390.4,7.016,286.8,191.8,172.6
