93.56777488095686, 4.628195587836672, 2.888012127997354, 32.300808902829885, 571.6772216796875, 1552.3089599609375, 391.71074829101565, 6.280935525894165, 16.602394008636473, 10.00092430114746, 3.2171554565429688, 41.951023483276366, 0.6369211196899414, 136.00200805664062, 15.022848892211915, 25.044771575927733, 7.850614833831787, 0.28990601003170013, 0.4528260797262192, 0.26884340345859525, 0.30054107308387756, 1.1032758116722108, 0.013950617425143719, 1.1439008593559266, 603.0908205747604, 1160.334424778819, 4698.079929178721, 15.845004548132419
94.26017818562687, 4.749604710249696, 2.8974449494387953, 32.30415200777352, 571.7318420410156, 1563.7204956054688, 394.0042205810547, 6.337105369567871, 19.21448345184326, 12.47619047164917, 3.2203577756881714, 42.72139205932617, 0.6346811532974244, 136.00814514160157, 15.02642993927002, 25.286591148376466, 7.897155618667602, 0.292470246553421, 0.5381148040294648, 0.3259341537952423, 0.30054240524768827, 1.128786301612854, 0.013877361174672842, 1.1439498662948608, 603.3128232121468, 1182.9778614655138, 4708.238010792435, 15.80638807117939
94.83424196941777, 4.765225432591978, 2.9124476955737917, 32.303909211978315, 571.5455383300781, 1581.9113525390626, 398.53928833007814, 6.329857349395752, 19.31798439025879, 11.637135028839111, 3.2233808994293214, 43.03017349243164, 0.6423193633556366, 136.00160522460936, 15.02649450302124, 25.55146656036377, 7.9878997802734375, 0.2921893626451492, 0.5357274234294891, 0.30439072847366333, 0.301120263338089, 1.134759211540222, 0.014049679785966874, 1.1438918828964233, 593.2953491449356, 1181.2165915757419, 4288.295187191269, 15.485707077383996
90.94690173459239, 4.425378165434813, 2.7352760177571325, 32.30179488696158, 571.3635314941406, 1532.9695556640625, 385.9760986328125, 6.207589054107666, 16.536433506011964, 11.475006484985352, 3.1359018802642824, 40.99705924987793, 0.590202271938324, 135.99909057617188, 15.019316673278809, 24.865458488464355, 7.737027263641357, 0.286504203081131, 0.4698766618967056, 0.30382625162601473, 0.2927136182785034, 1.0831185579299927, 0.01291169561445713, 1.1438735246658325, 599.7768633842468, 1179.7433919399978, 4506.878689127834, 13.535531800612807
97.72821705136448, 5.09066690444597, 3.097007630125154, 32.2983535066247, 573.1303405761719, 1609.3336791992188, 405.97425842285156, 6.446267795562744, 20.538413429260252, 8.063265419006347, 3.3299834966659545, 44.91059875488281, 0.6891114056110382, 135.98394775390625, 15.050622844696045, 25.855889892578126, 8.135991382598878, 0.2974956393241882, 0.5447392940521241, 0.2024184763431549, 0.3108504205942154, 1.177229905128479, 0.0150739305652678, 1.1437469005584717, 608.5357268452644, 1135.9376489281653, 4892.474137445004, 18.238941005989908
90.42195879677311, 4.334264153445838, 2.7391813888796603, 32.29540420919657, 571.9617736816406, 1514.5836791992188, 381.72344360351565, 6.157293844223022, 13.904270362854003, 9.519157981872558, 3.143689227104187, 39.960322570800784, 0.5925334930419922, 135.97357788085938, 15.03024501800537, 24.558866119384767, 7.651490354537964, 0.2841929256916046, 0.3892012596130371, 0.25856413394212724, 0.29353211522102357, 1.0529412865638732, 0.012969841435551643, 1.1436638951301574, 594.0280106782914, 1158.419237500429, 4274.576929884473, 13.61475259307772
92.05229418715462, 4.509732200048165, 2.8241291824379005, 32.303424255549906, 570.9600524902344, 1531.3837524414062, 386.21730651855466, 6.226946306228638, 15.702648639678955, 10.474422836303711, 3.1807798862457277, 41.00719108581543, 0.618665337562561, 136.006982421875, 15.009146022796632, 24.774957847595214, 7.741014432907105, 0.2874380350112915, 0.4362136125564575, 0.2814283728599548, 0.2971320867538452, 1.080523681640625, 0.013537764549255371, 1.1439401149749755, 603.0441397309303, 1163.7072684317827, 4616.9121805675795, 14.151471535488962
93.30143202985637, 4.565313462604536, 2.883982978889253, 32.29739092178643, 572.3992004394531, 1540.014453125, 388.7103759765625, 6.2655397891998295, 14.67904577255249, 7.953770542144776, 3.2247494220733643, 41.25730934143066, 0.6301222622394562, 135.98354949951172, 15.035910320281982, 24.84497776031494, 7.790516328811646, 0.2891602158546448, 0.3958312004804611, 0.21647645384073258, 0.301008477807045, 1.0829740285873413, 0.013787188101559877, 1.14374520778656, 599.7466376543045, 1134.6377492979168, 4544.939417990041, 16.896428227983414
94.14381656274199, 4.686773870157777, 2.8808315397705884, 32.29752171747386, 572.517529296875, 1575.6465576171875, 397.0619201660156, 6.315710401535034, 18.485485076904297, 11.038947868347169, 3.2170540571212767, 42.74728965759277, 0.6348653316497803, 135.99513397216796, 15.043636226654053, 25.445446395874022, 7.958259057998657, 0.2914976835250854, 0.5099387139081955, 0.2908874899148941, 0.3004874438047409, 1.126119601726532, 0.013917481712996959, 1.1438451886177063, 594.1878585100173, 1174.0669038057326, 4283.192499083979, 15.117345017381012
93.77234250307083, 4.653712839225773, 2.8848876836244015, 32.29855382032692, 572.3326354980469, 1562.861328125, 394.14531860351565, 6.297941827774048, 17.462160682678224, 10.407057952880859, 3.2178479433059692, 42.321740341186526, 0.6365179657936096, 135.99580841064454, 15.0366961479187, 25.22401351928711, 7.89956693649292, 0.2906876772642136, 0.4782880872488022, 0.2771505981683731, 0.3006263643503189, 1.113612174987793, 0.01395050548017025, 1.1438508749008178, 600.1537055253982, 1164.319740781188, 4501.013996681943, 15.489237064309417
93.65923395371064, 4.624547712609638, 2.9073514951160178, 32.29636135660112, 572.3951293945313, 1540.431640625, 388.99204406738284, 6.273019075393677, 15.273475933074952, 8.456282329559325, 3.2294289588928224, 41.537013626098634, 0.6360798835754394, 135.97710113525392, 15.034323692321777, 24.826782608032225, 7.7959557056427, 0.28950400054454806, 0.41096402108669283, 0.23085671812295913, 0.30145866572856905, 1.0903540253639221, 0.013910524267703294, 1.143691635131836, 605.045470392704, 1143.8491291373969, 4682.304212846095, 14.281002786010504
92.7065433765296, 4.529510190564906, 2.864645377616398, 32.29838555455208, 571.7659790039063, 1527.994677734375, 385.70421142578124, 6.2300725936889645, 14.337682247161865, 8.555110549926757, 3.203000473976135, 40.8351749420166, 0.6236235499382019, 135.97858428955078, 15.023754501342774, 24.67177505493164, 7.730372905731201, 0.2875203609466553, 0.389458367228508, 0.23458151817321776, 0.2989674896001816, 1.0728606462478638, 0.013631235435605049, 1.143700397014618, 603.426157939434, 1142.033118826151, 4666.870085495897, 16.179198508523406
95.46741954335012, 4.858560560003388, 2.9192121458589098, 32.301002560183406, 572.9684265136718, 1593.9757202148437, 401.2732879638672, 6.392594575881958, 21.474842834472657, 12.847617149353027, 3.2382508277893067, 43.93836555480957, 0.6398912250995636, 135.99181518554687, 15.054529094696045, 25.7573299407959, 8.042945766448975, 0.2950383722782135, 0.5999429166316986, 0.3311331868171692, 0.3022506028413773, 1.1608765244483947, 0.013991733640432357, 1.143811547756195, 594.3939764022828, 1193.2269189551473, 4349.021881571482, 15.764974500238896
92.78994775097817, 4.542568383878097, 2.873756097489968, 32.29854475073516, 571.7252868652344, 1526.25078125, 385.3839935302734, 6.235357284545898, 14.322595405578614, 8.400275897979736, 3.208242630958557, 40.87404823303223, 0.6262888133525848, 135.97999267578126, 15.021509742736816, 24.62995014190674, 7.723828744888306, 0.28776381313800814, 0.38753739893436434, 0.2308810830116272, 0.29945833086967466, 1.0734844207763672, 0.01369008356705308, 1.1437127828598022, 604.5052738785744, 1140.0593050301075, 4661.284021545854, 15.173433911241592
93.5484366770368, 4.597848289518152, 2.91005904142512, 32.299065528810026, 572.073046875, 1534.9510620117187, 387.7785583496094, 6.276767301559448, 14.430091762542725, 6.968578672409057, 3.2381578207015993, 41.35200729370117, 0.6369034469127655, 135.98805084228516, 15.026264572143555, 24.720107650756837, 7.771485233306885, 0.2896745532751083, 0.38427294194698336, 0.18989181965589524, 0.30226748883724214, 1.0841512799263, 0.013932574912905693, 1.1437819480895997, 603.6213052511215, 1126.2148542746902, 4671.1357362089675, 15.323709026165307
93.10282878167928, 4.574527565116296, 2.899517359759193, 32.301722172647715, 571.2763305664063, 1525.6101196289062, 385.49376525878904, 6.245992279052734, 14.162610816955567, 7.507283735275268, 3.2199684619903564, 41.00349426269531, 0.6349032759666443, 135.99467926025392, 15.012235164642334, 24.58139877319336, 7.725699710845947, 0.288250070810318, 0.378252238035202, 0.20709213018417358, 0.3005709022283554, 1.0754335880279542, 0.013884539529681206, 1.1438323259353638, 605.1932003736496, 1131.5157714486122, 4672.510951325157, 14.208644931949674
97.48075018180535, 5.045769455033588, 3.0969403153983874, 32.30700755417347, 571.868994140625, 1588.5885864257812, 401.2400421142578, 6.433362197875977, 19.366028785705566, 9.51794719696045, 3.319933819770813, 44.00215950012207, 0.6882075607776642, 136.02099609375, 15.0225266456604, 25.50985927581787, 8.040711593627929, 0.2968909442424774, 0.5145997524261474, 0.25284022092819214, 0.30982560515403745, 1.1538841128349304, 0.015044153481721879, 1.1440581202507019, 608.7961372733116, 1157.9147523611784, 4981.478559587127, 16.59134315121919
97.32557368776762, 5.030321632872801, 3.074985872767866, 32.2984251473099, 572.9806091308594, 1601.67216796875, 404.1047302246094, 6.426067447662353, 19.74222526550293, 7.817373657226563, 3.3185561180114744, 44.4880874633789, 0.6827050924301148, 135.98369598388672, 15.047094440460205, 25.738232612609863, 8.09853630065918, 0.2965614289045334, 0.5237869918346405, 0.19728725552558898, 0.3097725808620453, 1.1661754846572876, 0.014932469371706248, 1.1437445878982544, 608.8688120365143, 1134.2122352182864, 4890.173764947685, 17.989563807472585
92.68269342822023, 4.525738385977457, 2.8613258899538776, 32.29753373786807, 571.9273620605469, 1528.8888549804688, 385.88697204589846, 6.229086303710938, 14.37758903503418, 8.623125171661377, 3.2020882606506347, 40.84379005432129, 0.6226250648498535, 135.97592315673828, 15.027299690246583, 24.69036731719971, 7.734078311920166, 0.28747777044773104, 0.3910722672939301, 0.23618410229682923, 0.29888720214366915, 1.0732213854789734, 0.013609797600656748, 1.1436790227890015, 603.4699615240097, 1142.6089343845845, 4667.59933824148, 16.29639676567167
98.16762874480337, 5.125901354139205, 3.110010289470665, 32.29897881224751, 573.3243041992188, 1617.9706176757813, 408.32301330566406, 6.470522117614746, 21.358857345581054, 9.100873279571534, 3.3392605781555176, 45.4095874786377, 0.6958814084529876, 135.99645385742187, 15.052507686614991, 25.958866691589357, 8.182752227783203, 0.29862767159938813, 0.5646168053150177, 0.2361041471362114, 0.3118066519498825, 1.1898251175880432, 0.015243601985275745, 1.143858790397644, 607.9071526408195, 1150.7301490202547, 4947.581284948043, 19.56627066191286
99.23641088679433, 5.3002260585024485, 3.1863155295373873, 32.30119707547128, 573.4649169921875, 1627.9972778320312, 410.8448455810547, 6.5129358768463135, 22.769964599609374, 8.903823089599609, 3.3726457595825194, 46.163827896118164, 0.71493581533432, 135.99917907714843, 15.055044651031494, 26.10235595703125, 8.233178043365479, 0.3005856812000275, 0.5995899915695191, 0.22586687356233598, 0.31486040353775024, 1.209055209159851, 0.015639932081103324, 1.1438786387443542, 609.6205780625344, 1150.6773816347122, 4947.835715715657, 17.852726110816
93.62509365971201, 4.640016298441333, 2.9501198170590213, 32.30199208892882, 571.4468811035156, 1517.7665649414062, 384.204833984375, 6.288875436782837, 13.834753608703613, 4.653244543075561, 3.256187391281128, 41.42479019165039, 0.648308378458023, 135.99906158447266, 15.008952617645264, 24.354666709899902, 7.699118995666504, 0.29023526310920716, 0.36122111082077024, 0.11468959078192711, 0.30398148000240327, 1.084075391292572, 0.014179412461817264, 1.1438732028007508, 605.5357026696205, 1066.4539303973318, 4699.038514443324, 16.27187821082771
100.13057647212409, 5.410265211231308, 3.2410896151210182, 32.307701147720216, 572.5122741699219, 1633.6751831054687, 412.3745971679688, 6.54107174873352, 23.53260917663574, 9.97590093612671, 3.3902815103530886, 46.43021354675293, 0.7282581448554992, 136.02366638183594, 15.0370774269104, 26.18018741607666, 8.26361608505249, 0.3018603265285492, 0.619950807094574, 0.2569091260433197, 0.31639209389686584, 1.2162756323814392, 0.01592091452330351, 1.1440805435180663, 608.9801241397857, 1160.2528675332665, 4984.632291163807, 19.333256885409355
92.02951433998533, 4.517488478752784, 2.825654219230637, 32.303672558814284, 571.2284851074219, 1522.584326171875, 383.9513885498047, 6.23685245513916, 15.498368453979491, 10.859750556945801, 3.1813159465789793, 40.7140567779541, 0.6137599408626556, 136.00679931640624, 15.014158058166505, 24.656088256835936, 7.695758628845215, 0.2878402352333069, 0.4341465622186661, 0.2913507670164108, 0.29688047170639037, 1.0739461779594421, 0.013415907602757215, 1.1439379334449769, 604.4903292417526, 1165.8243454545736, 4676.575424462324, 14.015877526812256
89.71327712559142, 4.2734680572990325, 2.7112002102308908, 32.2962523560971, 571.6565307617187, 1504.9402587890625, 379.28822021484376, 6.126634407043457, 13.2701491355896, 9.307332229614257, 3.1271443367004395, 39.53321533203125, 0.585133022069931, 135.9753616333008, 15.023874759674072, 24.420074462890625, 7.602799415588379, 0.2827790200710297, 0.37268502414226534, 0.2539604678750038, 0.2920025438070297, 1.0418106198310852, 0.012807594146579504, 1.1436768054962159, 593.250970518589, 1156.9666438683867, 4274.810591369494, 13.63291031960398
92.84590179855005, 4.5526536373829005, 2.878332434571348, 32.29783132597804, 571.882958984375, 1525.8374877929687, 385.30942687988284, 6.243547964096069, 14.394935512542725, 8.473307609558105, 3.212839198112488, 40.91666526794434, 0.6273448288440704, 135.9806106567383, 15.023253440856934, 24.620435523986817, 7.722302055358886, 0.2881377458572388, 0.38937299847602846, 0.2328843057155609, 0.299861741065979, 1.0745940685272217, 0.013714178651571273, 1.1437196016311646, 604.8352358698845, 1140.3946709871293, 4660.211633734941, 14.750956992059946
98.32459098920226, 5.076259106339421, 3.1279980618739502, 32.3004347756505, 572.8032775878906, 1600.7559692382813, 404.42205200195315, 6.455616855621338, 18.76806221008301, 6.003428983688354, 3.3399364233016966, 44.44567527770996, 0.6965587437152863, 135.9934310913086, 15.041325092315674, 25.650571250915526, 8.104232120513917, 0.29791541397571564, 0.4907236576080322, 0.1350276619195938, 0.3117109090089798, 1.1632534265518188, 0.015228599309921265, 1.143826138973236, 599.9563466787338, 1038.3001500561834, 4405.418737563887, 18.46225674469024
93.18034699535929, 4.578444914036663, 2.9050464230473154, 32.2999138943851, 571.7323547363281, 1524.5640869140625, 385.3213134765625, 6.263328266143799, 14.026569747924805, 6.85548505783081, 3.2342150449752807, 41.089791488647464, 0.6355065703392029, 135.99511108398437, 15.018091106414795, 24.54963607788086, 7.722153425216675, 0.2890444040298462, 0.37250319719314573, 0.1884387657046318, 0.3018272668123245, 1.0770301342010498, 0.013903376553207636, 1.1438416242599487, 606.050612449646, 1124.7494499966501, 4790.350448588911, 15.649132135137915
90.4024672770407, 4.385138146183453, 2.7546595563646408, 32.30357736647129, 570.8174926757813, 1501.5746948242188, 378.6558471679688, 6.179174852371216, 14.471035194396972, 10.846559715270995, 3.1432028293609617, 39.882846450805665, 0.5950610399246216, 136.00538177490233, 15.00519781112671, 24.349846839904785, 7.589874649047852, 0.28518170714378355, 0.4097566932439804, 0.29212134778499604, 0.29333377778530123, 1.0528093457221985, 0.01301362318918109, 1.1439266681671143, 605.7786522746086, 1165.9068275153636, 4670.045862250403, 11.895081305131317
90.5326792943757, 4.393644483014941, 2.707689319073688, 32.30118356496096, 571.4183349609375, 1536.9361938476563, 386.961962890625, 6.197652053833008, 17.003987121582032, 11.652425003051757, 3.1226181030273437, 41.22987823486328, 0.5873822510242462, 135.99692993164064, 15.021044731140137, 24.92177505493164, 7.756764125823975, 0.2860805481672287, 0.4827347040176392, 0.30758709013462066, 0.2917064636945724, 1.089260721206665, 0.012870974745601416, 1.143856418132782, 599.690425992012, 1182.7703679293395, 4507.888129388669, 13.34081999976188
92.6224570887629, 4.5216195648477875, 2.8661734061315656, 32.301494262740015, 571.2077209472657, 1526.6643798828125, 385.41419982910156, 6.224607706069946, 14.09486722946167, 8.142619800567626, 3.2021203994750977, 40.764059448242186, 0.6254857182502747, 135.99176177978515, 15.012399482727051, 24.647148513793944, 7.7245073318481445, 0.287269601225853, 0.3814838379621506, 0.22345700562000276, 0.2989030420780182, 1.0704710245132447, 0.013676637690514326, 1.143807315826416, 602.9459352254868, 1137.2021575942636, 4664.657154793199, 16.752296745218338
92.86940838107839, 4.552080762968399, 2.8796661888365636, 32.299127508327366, 571.6445068359375, 1526.0542602539062, 385.3661651611328, 6.240021181106568, 14.344419193267822, 8.392185878753661, 3.2112890243530274, 40.89548797607422, 0.6279232919216156, 135.98238983154297, 15.01920804977417, 24.623551177978516, 7.723431062698364, 0.28797841668128965, 0.3877874672412872, 0.23071112632751464, 0.29973564445972445, 1.073964250087738, 0.013725370727479458, 1.1437327027320863, 604.2159156918526, 1140.0573809295893, 4661.605566064781, 15.051490770466625
90.78955114288256, 4.4184827677556315, 2.7011361200362445, 32.2978258728981, 572.3633850097656, 1550.8491943359375, 390.4740814208984, 6.221920824050903, 18.142634010314943, 11.725946807861328, 3.124290347099304, 41.93076705932617, 0.589727932214737, 135.98479156494142, 15.040081024169922, 25.11658172607422, 7.827005624771118, 0.2872192472219467, 0.5110896766185761, 0.3079085648059845, 0.2920788049697876, 1.1069246292114259, 0.012950951047241688, 1.1437571883201598, 596.9411782145501, 1190.820802588761, 4395.11553706089, 12.587245782837272
92.82405988848768, 4.544316621398321, 2.8754072339157575, 32.29849725216627, 571.7585632324219, 1526.0018920898438, 385.3208312988281, 6.23653507232666, 14.28844690322876, 8.408264255523681, 3.2087356567382814, 40.849097442626956, 0.6265479862689972, 135.97923431396484, 15.022704792022704, 24.62703094482422, 7.722562694549561, 0.2878158688545227, 0.38668798208236693, 0.2311469569802284, 0.29948983490467074, 1.0728517770767212, 0.013694603741168977, 1.143705415725708, 604.1844776391983, 1140.2036131292582, 4662.831677421904, 15.322226594015955
97.052513560839, 4.9634613379719665, 3.061700008320622, 32.2997253227979, 572.8025085449219, 1590.2728881835938, 401.47491760253905, 6.417148685455322, 18.45991325378418, 7.182073497772217, 3.3171926498413087, 43.87871894836426, 0.6784751713275909, 135.99170989990233, 15.042370510101318, 25.547143745422364, 8.045658397674561, 0.29614767134189607, 0.48798600435256956, 0.1812536373734474, 0.30961303114891053, 1.1496969223022462, 0.014840034954249858, 1.1438136219978332, 607.316977071762, 1122.6678923457862, 4849.652014949313, 17.91916628945619
92.34759837687015, 4.496229668293381, 2.873239209887106, 32.30038616098464, 571.5771606445312, 1513.4158447265625, 382.5953674316406, 6.236697149276734, 13.07448091506958, 5.93088173866272, 3.223803424835205, 40.684149169921874, 0.6269141495227813, 135.99274139404298, 15.013649654388427, 24.371661758422853, 7.667543935775757, 0.28783043920993806, 0.3468279778957367, 0.16185719072818755, 0.3009730577468872, 1.0661524057388305, 0.013717114087194204, 1.143820571899414, 607.2853318095207, 1109.2951670229436, 4881.675773923588, 17.109704962559043
92.40964233498089, 4.572463518637233, 2.8125069970614276, 32.30342488512397, 571.4452209472656, 1542.4177368164062, 388.52594299316405, 6.2688642024993895, 17.52667064666748, 11.941187000274658, 3.1769258260726927, 41.58554573059082, 0.6108118891716003, 136.00485229492188, 15.020503520965576, 24.98854808807373, 7.787772178649902, 0.28932147920131684, 0.49523997902870176, 0.31445731222629547, 0.2964612007141113, 1.0988349556922912, 0.013354420196264982, 1.1439220309257507, 601.5718346953392, 1180.2970002159477, 4503.336473917751, 12.879408493824304
94.86306705451571, 4.689996621973114, 2.9511531962431037, 32.298848102614286, 572.5407104492188, 1559.6903930664062, 393.8533630371094, 6.325020742416382, 15.433623218536377, 6.843589019775391, 3.2637799978256226, 42.14836196899414, 0.6483470678329468, 135.98615264892578, 15.038614273071289, 25.096710205078125, 7.893156433105469, 0.2919067531824112, 0.41034714579582215, 0.18161982595920562, 0.3046958327293396, 1.1048204183578492, 0.014185368455946446, 1.143764364719391, 602.6642745137215, 1118.811482731998, 4644.730814846907, 18.117671126872303
96.56886813598685, 4.950309770507738, 3.0017996288603173, 32.30204315111041, 572.9057495117188, 1588.9401611328126, 400.47425231933596, 6.406725358963013, 20.354473686218263, 12.041025733947754, 3.271271276473999, 43.55861625671387, 0.6605041861534119, 135.9946533203125, 15.052063179016113, 25.635771179199217, 8.02637357711792, 0.2956886291503906, 0.5619173645973206, 0.3136535853147507, 0.3052429348230362, 1.1485937237739563, 0.014423981960862874, 1.143835151195526, 596.5835303306579, 1183.553111898899, 4339.358617752116, 14.688311885856091
92.58867345293984, 4.518469249457121, 2.8638031317153945, 32.30109317526221, 571.2161865234375, 1525.9230346679688, 385.2243957519531, 6.222875499725342, 14.113926696777344, 8.29240641593933, 3.2006780385971068, 40.74472007751465, 0.6246892035007476, 135.98820953369142, 15.012572956085204, 24.6370849609375, 7.720724058151245, 0.28719514012336733, 0.3825481504201889, 0.2277309626340866, 0.29878145456314087, 1.070170271396637, 0.01365680741146207, 1.1437780857086182, 603.0085162043572, 1138.9411274641752, 4665.506865834538, 16.504001552984118
92.8, 4.54, 2.87, 32.3, 571.76, 1526.31, 385.38, 6.24, 14.29, 8.42, 3.21, 40.85, 0.63, 135.98, 15.02, 24.63, 7.72, 0.29, 0.39, 0.23, 0.3, 1.07, 0.01, 1.14, 604.47, 1140.07, 4661.8, 15.44
